UserName,UserDate,UserInfo,ReviewTitle,Rating,RatingAttribute,ReviewContent,CreatedDate
PhÆ°Æ¡ng Tráº§n,ÄÃ£ tham gia 3 nÄƒm,"ÄÃ£ viáº¿t
21 ÄÃ¡nh giÃ¡",Cá»±c kÃ¬ hÃ i lÃ²ng,,,ÄÃ¡nh giÃ¡ lÃ  10/10 bá»Ÿi vÃ¬ dá»‹ch vá»¥ ship tá»‘t dá»‹ch vá»¥ cháº¥t lÆ°á»£ng sáº£n pháº©m tá»‘t bao bÃ¬ Ä‘Ã³ng gÃ³i Ä‘áº¹p Ä‘áº½ gá»n gÃ ng. Ná»™i dung lÃ  gu cá»§a mÃ¬nh vÃ  Ä‘Æ°á»£c Ä‘Ã¡nh giÃ¡ ráº¥t cao nÃªn má»i ngÆ°á»i nÃªn mua nhÃ©,ÄÃ¡nh giÃ¡ vÃ o 9 ngÃ y trÆ°á»›cÄÃ£ dÃ¹ng 9 giá»
Nguyá»…n Nháº¥t,ÄÃ£ tham gia 4 nÄƒm,"ÄÃ£ viáº¿t
4 ÄÃ¡nh giÃ¡",Cá»±c kÃ¬ hÃ i lÃ²ng,,,"Giao nhanh tháº­t sá»±. BÃ¬nh thÆ°á»ng pháº£i hai ngÃ y mÃ  láº§n nÃ y chÆ°a Ä‘áº§y 1 ngÃ y. Má»—i tá»™i sÃ¡ch Ä‘Ã³ng gÃ³i hÆ¡i sÆ¡ sÃ i, má»Ÿ ra hÆ¡i há»¥t háº«ng, cáº£m giÃ¡c khÃ´ng Ä‘Æ°á»£c tuyá»‡t. Äáº·c biá»‡t lÃ  tÃªn tÃ¡c giáº£ trÃ¹ng tÃªn crush nÃªn mua xem thá»­. Thu gá»n",ÄÃ¡nh giÃ¡ vÃ o 2 nÄƒm trÆ°á»›cÄÃ£ dÃ¹ng 1 giá»
Kiá»u Trang,ÄÃ£ tham gia 2 nÄƒm,"ÄÃ£ viáº¿t
1 ÄÃ¡nh giÃ¡",Cá»±c kÃ¬ hÃ i lÃ²ng,,,"MÃ¬nh chá»n giao trong 2 tiáº¿ng nÃªn Ä‘áº·t cÃ³ luÃ´n. Shipper nÃ³i chuyá»‡n dá»… thÆ°Æ¡ng, Ä‘Ã³ng gÃ³i á»Ÿ ngoÃ i há»™p thÃ¬ gá»n gÃ ng nhÆ°ng bÃªn trong thÃ¬ khÃ´ng cÃ³ giáº¥y bá»c nÃªn ship xa dá»… há»ng sÃ¡ch :( Vá» ná»™i dung thÃ¬ mÃ¬nh tháº¥y qua nhá»¯ng pháº§n mÃ¬nh Ä‘Ã£ Ä‘á»c thÃ¬ thÆ°á»ng bÃ n luáº­n vá» nhá»¯ng váº¥n Ä‘á» ráº¥t gáº§n vá»›i cuá»™c sá»‘ng, á»•n, mÃ¬nh chÆ°a Ä‘á»c háº¿t nÃªn chá»‰ nháº­n xÃ©t tháº¿ thuii kekee Thu gá»n",ÄÃ¡nh giÃ¡ vÃ o 2 nÄƒm trÆ°á»›cÄÃ£ dÃ¹ng 8 giá»
Äinh Tráº§n Yáº¿n Nhi,ÄÃ£ tham gia 4 nÄƒm,"ÄÃ£ viáº¿t
1 ÄÃ¡nh giÃ¡",Cá»±c kÃ¬ hÃ i lÃ²ng,,,"Ná»™i dung sÃ¡ch ráº¥t háº¥p dáº«n, má»i ng nÃªn mua Ä‘á»c hiá»ƒu hÆ¡n vá» cÃ¡c thá»§ thuáº­t tÃ¢m lÃ½. Ai giá»i náº¯m báº¯t tÃ¢m lÃ½ ng khÃ¡c thÃ¬ ng Ä‘Ã³ tháº¯ng. CÃ³ bookmark, bao bÃ¬ kÃ­n do mÃ¬nh tá»± bao. SÃ¡ch giao ko cÃ³ váº¥n Ä‘á» gÃ¬.",ÄÃ¡nh giÃ¡ vÃ o 2 nÄƒm trÆ°á»›cÄÃ£ dÃ¹ng 2 giá»
Tráº§n Ngá»c HÃ¢n,ÄÃ£ tham gia 3 nÄƒm,"ÄÃ£ viáº¿t
43 ÄÃ¡nh giÃ¡",Cá»±c kÃ¬ hÃ i lÃ²ng,,,"ÄÃ£ nháº­n Ä‘Æ°á»£c sÃ¡ch sá»›m, cÃ³ cáº£ bookmark xinh xinh, cáº£m Æ¡n Tiki",ÄÃ¡nh giÃ¡ vÃ o 8 thÃ¡ng trÆ°á»›cÄÃ£ dÃ¹ng 3 ngÃ y
LÃª Háº¡nh,ÄÃ£ tham gia 3 nÄƒm,"ÄÃ£ viáº¿t
56 ÄÃ¡nh giÃ¡",Cá»±c kÃ¬ hÃ i lÃ²ng,,"In áº¥n/mÃ u sáº¯c rÃµ nÃ©t, Khá»• sÃ¡ch nhá» gá»n, dá»… mang Ä‘i, Ná»™i dung sÃ¡ch háº¥p dáº«n, bá»• Ã­ch, TrÃ¬nh bÃ y/Bá»‘ cá»¥c dá»… hiá»ƒu","SÃ¡ch hay, Ä‘i sÃ¢u vÃ o tá»«ng tÃ¬nh huá»‘ng thá»±c táº¿ Ä‘á»ƒ má»i ngÆ°á»i dá»… hÃ¬nh dung. Cáº£m Æ¡n tÃ¡c giáº£, hy vá»ng sáº½ cÃ³ thá»ƒ Ä‘á»c thÃªm tÃ¡c pháº©m khÃ¡c trong tÆ°Æ¡ng lai.",ÄÃ¡nh giÃ¡ vÃ o 2 nÄƒm trÆ°á»›cÄÃ£ dÃ¹ng 10 ngÃ y
Ryo Ken,ÄÃ£ tham gia 7 nÄƒm,"ÄÃ£ viáº¿t
4 ÄÃ¡nh giÃ¡",Cá»±c kÃ¬ hÃ i lÃ²ng,,"In áº¥n/mÃ u sáº¯c rÃµ nÃ©t, Ná»™i dung sÃ¡ch háº¥p dáº«n, bá»• Ã­ch, TrÃ¬nh bÃ y/Bá»‘ cá»¥c dá»… hiá»ƒu","SÃ¡ch Ä‘áº¹p,cÃ³ kÃ¨m bookmark ğŸ’¯
Vá»«a Ä‘á»c qua lá»i má»Ÿ Ä‘áº§u cá»§a sÃ¡ch tháº¥y ráº¥t thu hÃºt, cÃ¡ch viáº¿t cá»§a tÃ¡c giáº£ cÅ©ng gáº§n gÅ©i, dá»… hiá»ƒu ğŸ’¯",ÄÃ¡nh giÃ¡ vÃ o 2 nÄƒm trÆ°á»›cÄÃ£ dÃ¹ng 10 giá»
TrÃºc PhÆ°Æ¡ng,ÄÃ£ tham gia 2 nÄƒm,"ÄÃ£ viáº¿t
109 ÄÃ¡nh giÃ¡",Cá»±c kÃ¬ hÃ i lÃ²ng,,,cuá»‘n nÃ y nghe review ok nÃªn mua vá» táº·ng nhá» báº¡n :D,ÄÃ¡nh giÃ¡ vÃ o 1 nÄƒm trÆ°á»›cÄÃ£ dÃ¹ng 7 ngÃ y
Alice T,ÄÃ£ tham gia 7 nÄƒm,"ÄÃ£ viáº¿t
18 ÄÃ¡nh giÃ¡",Cá»±c kÃ¬ hÃ i lÃ²ng,,,"MÃ¬nh Ä‘áº·t nhiá»u cuá»‘n cÃ¹ng 1 lÃºc may lÃ  tiki giao trong ná»™i thÃ nh Ä‘Ã³ng gÃ³i á»•n, tuy ko cÃ³ bá»c chá»‘ng sá»‘c nhÆ°ng cÃ³ thÃªm máº¥y miáº¿ng bÃ¬a Ä‘á»ƒ sÃ¡ch ko bá»‹ va Ä‘áº­p quÃ¡ nhiá»u, nÃªn thÃ nh pháº©m nháº­n Ä‘Æ°á»£c ko bá»‹ cong sÃ¡ch. Ráº¥t thÃ­ch tiki trading láº«n shipper dá»… thÆ°Æ¡ng Thu gá»n",ÄÃ¡nh giÃ¡ vÃ o 2 nÄƒm trÆ°á»›cÄÃ£ dÃ¹ng 9 ngÃ y
Nguyá»…n HoÃ ng Nháº­t Phong,ÄÃ£ tham gia 3 nÄƒm,"ÄÃ£ viáº¿t
6 ÄÃ¡nh giÃ¡",Cá»±c kÃ¬ hÃ i lÃ²ng,,,"SÃ¡ch Ä‘áº¹p, giao nhanh, shipper thÃ¢n thiá»‡n. Ráº¥t tá»‘t",ÄÃ¡nh giÃ¡ vÃ o 1 nÄƒm trÆ°á»›cÄÃ£ dÃ¹ng 1 giá»
Tráº§n HoÃ ng,ÄÃ£ tham gia 2 nÄƒm,"ÄÃ£ viáº¿t
13 ÄÃ¡nh giÃ¡",Cá»±c kÃ¬ hÃ i lÃ²ng,,,"Äá»ªNG Cá» Gáº®NG TRANH CÃƒI Vá»šI NHá»®NG CON NHÃM ÄANG XÃ™ LÃ”NG!

Trong cÃ¡c cuá»™c tranh luÃ¢Ì£n vÃ  xung Ä‘á»™t cuÌƒng vÃ¢Ì£y, giá»¯ khoáº£ng cÃ¡ch lÃ  má»™t Ä‘iá»u quan trá»ng. Cáº§n pháº£i Ä‘uÌ‰ gáº§n Ä‘á»ƒ hiá»ƒu vÃ  tÃ´n trá»ng nhau, nhÆ°ng Ä‘uÌ‰ xa Ä‘á»ƒ giá»¯ Ä‘Æ°á»£c ranh giÆ¡Ìi giá»¯a cÃ¡c cÃ¡ nhÃ¢n. Náº¿u nhÃ¢Ì£n ra rÄƒÌ€ng Ä‘Ã´Ìi phÆ°Æ¡ng lÃ  kiá»ƒu ngÆ°Æ¡Ì€i â€œtranh luÃ¢Ì£n Ä‘á»ƒ chiáº¿n thÄƒÌngâ€, chuÌng ta nÃªn kiÃªn quyáº¿t rÆ¡Ì€i khá»i cuá»™c tranh luÃ¢Ì£n vÃ´ nghiÌƒa viÌ€ nhá»¯ng con nhiÌm áº¥y khÃ´ng Æ¡Ì‰ bÃªn baÌ£n Ä‘á»ƒ cuÌ€ng nhau sÆ°Æ¡Ì‰i áº¥m!

---------------------------------------
""KhÃ´ng pháº£i sÃ³i nhÆ°ng cÅ©ng Ä‘á»«ng lÃ  cá»«u""
ğŸ’š Thu gá»n",ÄÃ¡nh giÃ¡ vÃ o 2 nÄƒm trÆ°á»›cÄÃ£ dÃ¹ng 6 giá»
NÄƒng VÅ©,ÄÃ£ tham gia 4 nÄƒm,"ÄÃ£ viáº¿t
60 ÄÃ¡nh giÃ¡",Cá»±c kÃ¬ hÃ i lÃ²ng,,"In áº¥n/mÃ u sáº¯c rÃµ nÃ©t, Khá»• sÃ¡ch nhá» gá»n, dá»… mang Ä‘i, Ná»™i dung sÃ¡ch háº¥p dáº«n, bá»• Ã­ch, TrÃ¬nh bÃ y/Bá»‘ cá»¥c dá»… hiá»ƒu","SÃ¡ch nÃ³i vá» nhá»¯ng trá»Ÿ ngáº¡i vÃ  khÃ³c khuáº¥t tÃ¢m lÃ½ con ngÆ°á»i dá»… dÃ­nh vÃ o. KhÃ¡ thÃº vá»‹ vÃ¬ Ä‘Ã¢y dÆ°á»ng nhÆ° lÃ  chÃ­nh tÃ¢m tÆ° vÃ  hy vá»ng cá»§a tÃ¡c giáº£, vá»«a muá»‘n Ä‘em láº¡i kiáº¿n thá»©c cho má»i ngÆ°á»i, vá»«a muá»‘n tÃ¢m sá»± vá» chÃ­nh mÃ¬nh. Pháº§n Ä‘áº§u mÃ¬nh cho lÃ  khÃ´ng háº¥p dáº«n láº¯m, sau khi Ä‘á»c 1/3 trá»Ÿ Ä‘i tháº¥y thÃº vá»‹ hÆ¡n nhiá»u Thu gá»n",ÄÃ¡nh giÃ¡ vÃ o 2 nÄƒm trÆ°á»›cÄÃ£ dÃ¹ng 14 ngÃ y
Namphuong Nam,ÄÃ£ tham gia 5 nÄƒm,"ÄÃ£ viáº¿t
55 ÄÃ¡nh giÃ¡",Cá»±c kÃ¬ hÃ i lÃ²ng,,,"ÄÃ³ng gÃ³i Ä‘áº¹p, chuyá»ƒn phÃ¡t nhanh. VÃ­ dá»¥ viáº¿t hay, cá»¥ thá»ƒ, cÃ¡c cÃ¢u chuyá»‡n Ä‘Æ°a ra dá»… háº¥p thu",ÄÃ¡nh giÃ¡ vÃ o 2 nÄƒm trÆ°á»›cÄÃ£ dÃ¹ng 3 ngÃ y
Trn Quc Th,ÄÃ£ tham gia 5 nÄƒm,"ÄÃ£ viáº¿t
85 ÄÃ¡nh giÃ¡",Cá»±c kÃ¬ hÃ i lÃ²ng,,"In áº¥n/mÃ u sáº¯c rÃµ nÃ©t, Khá»• sÃ¡ch nhá» gá»n, dá»… mang Ä‘i","Äáº¹p, hÆ¡i mÃ³p á»Ÿ bÃ¬a sau nhÆ°ng mÃ  cháº¥p nháº­n Ä‘c, nÃ³ náº±m trÃªn ká»‡ best seller trong Fahasha nÃªn mÃ¬nh thá»­ ""chá»‹u"" áº£nh hÆ°á»Ÿng cá»§a tÃ¢m lÃ­ Ä‘Ã¡m Ä‘Ã´ng mua thá»­ xem sao :v",ÄÃ¡nh giÃ¡ vÃ o 2 nÄƒm trÆ°á»›cÄÃ£ dÃ¹ng 8 ngÃ y
Nguyá»…n Ngá»c HÆ°Æ¡ng,ÄÃ£ tham gia 12 nÄƒm,"ÄÃ£ viáº¿t
42 ÄÃ¡nh giÃ¡",Cá»±c kÃ¬ hÃ i lÃ²ng,,,"Trong thá»i Ä‘áº¡i mÃ  má»i thá»© Ä‘á»u ráº¥t chÃ³ng vÃ¡nh nÃ y, ranh giá»›i giá»¯a tá»‘t vÃ  xáº¥u, Ä‘Ãºng vÃ  sai Ä‘Ã´i lÃºc lÃ  khÃ´ng tá»“n táº¡i.
CÃ¡i tá»‘t mÃ  chÃºng ta nghÄ©, hÃ³a ra láº¡i lÃ  xáº¥u trong máº¯t káº» khÃ¡c.
CÃ¡i Ä‘Ãºng á»Ÿ thá»i Ä‘iá»ƒm nÃ y, Ä‘áº¿n má»™t thá»i Ä‘iá»ƒm khÃ¡c láº¡i trá»Ÿ thÃ nh sai.
Tá»‘t Ä‘áº¹p hay xáº¥u xa, tháº­t khÃ³ phÃ¢n Ä‘á»‹nh.
Cuá»‘n sÃ¡ch Ä‘áº­p tan nhá»¯ng Ä‘á»‹nh kiáº¿n cÅ© ká»¹, kiáº¿n táº¡o tÆ° duy vÃ  giÃºp báº¡n xÃ¢y dá»±ng láº¡i chÃ­nh mÃ¬nh! Thu gá»n",ÄÃ¡nh giÃ¡ vÃ o 2 nÄƒm trÆ°á»›cÄÃ£ dÃ¹ng 1 ngÃ y
Nguyá»…n Yáº¿n ThÆ°Æ¡ng,ÄÃ£ tham gia 2 nÄƒm,"ÄÃ£ viáº¿t
2 ÄÃ¡nh giÃ¡",Cá»±c kÃ¬ hÃ i lÃ²ng,,,"Náº¿u báº¡n Ä‘ang tÃ¬m kiáº¿m nhá»¯ng nghiÃªn cá»©u mang tÃ­nh lá»‹ch sá»­ vá» nhá»¯ng yáº¿u tá»‘ táº¡o nÃªn nhá»¯ng cÃ´ng ty chÃ³i lá»i nháº¥t hiá»‡n nay, báº¡n sáº½ khÃ´ng tháº¥t vá»ng vá»›i cÃ´ng trÃ¬nh nghiÃªn cá»©u nÃ y.â€",ÄÃ¡nh giÃ¡ vÃ o 1 nÄƒm trÆ°á»›cÄÃ£ dÃ¹ng 19 phÃºt
Anbae,ÄÃ£ tham gia 6 nÄƒm,"ÄÃ£ viáº¿t
7 ÄÃ¡nh giÃ¡",Cá»±c kÃ¬ hÃ i lÃ²ng,,,Giao siÃªu nhanh 2h trong ná»™i thÃ nh lun. ÄÃ³ng gÃ³i cÅ©ng Ä‘áº¹p chá»‰n chu nha. SÃ¡ch Ä‘áº¹p bÃ¬a cá»©ng xá»©ng Ä‘Ã¡ng giÃ¡ tiá»n. Ná»™i dung mÃ¬nh Ä‘á»c r sáº½ Ä‘Ã¡nh giÃ¡ sau nha,ÄÃ¡nh giÃ¡ vÃ o 8 thÃ¡ng trÆ°á»›cÄÃ£ dÃ¹ng 9 giá»
Nguyá»…n Thá»‹ VÃ¢n Anh,ÄÃ£ tham gia 6 nÄƒm,"ÄÃ£ viáº¿t
12 ÄÃ¡nh giÃ¡",Cá»±c kÃ¬ hÃ i lÃ²ng,,,Vá» cháº¥t lÆ°á»£ng sÃ¡ch thÃ¬ khá»i bÃ n. NhÆ°ng náº¿u vá» ná»™i dung mÃ¬nh kh Ä‘Ã¡nh giÃ¡ cao cuá»‘n nÃ y. CÃ³ chÄƒng chá»‰ do cÃ¡i tá»±a nÃ³ cuá»‘n th Ã . Chá»© náº¿u ai Ä‘Ã£ Ä‘á»c thiÃªn tÃ i káº» Ä‘iÃªn hoáº·c lÃ  Ä‘áº¡i dÆ°Æ¡ng Ä‘en thÃ¬ cuá»‘n nÃ y nhÆ° cÆ°á»¡i ngá»±a xem hoa cháº£ thu Ä‘c gÃ¬! Thu gá»n,ÄÃ¡nh giÃ¡ vÃ o 1 nÄƒm trÆ°á»›cÄÃ£ dÃ¹ng 3 thÃ¡ng
Mai Nguyá»…n,ÄÃ£ tham gia 2 nÄƒm,"ÄÃ£ viáº¿t
4 ÄÃ¡nh giÃ¡",Cá»±c kÃ¬ hÃ i lÃ²ng,,,"vá»«a mua hÃ´m trc hÃ´m sau Ä‘Ã£ nháº­n Ä‘c sÃ¡ch,bÃ¬a vÃ  gÃ¡y sÃ¡ch k bá»‹ há»ng, ráº¥t Ä‘áº¹p. MÃ u giáº¥y in hÆ¡i vÃ ng Ä‘á»c Ä‘á»¡ háº¡i máº¯t, má»±c in cá»¡ chá»¯ khÃ¡ dá»… nhÃ¬n.",ÄÃ¡nh giÃ¡ vÃ o 2 nÄƒm trÆ°á»›cÄÃ£ dÃ¹ng 7 giá»
Ba Bá»‰m Sá»¯a,ÄÃ£ tham gia 7 nÄƒm,"ÄÃ£ viáº¿t
33 ÄÃ¡nh giÃ¡",Cá»±c kÃ¬ hÃ i lÃ²ng,,,"Thihs sÃ¡ch nÃ y lÃ¢u rá»“i, nÃªn nay tháº¥y sale nÃªn mua. Thank tiki Ä‘Ã£ Ä‘Ã³ng gÃ³i vÃ  giao hÃ ng cáº©n tháº­n. SÃ¡ch chÃ­nh hÃ£ng chá»© khÃ´ng pháº£i nhá»¯ng sÃ¡ch lá»—i giÃ¡ ráº» bÃ¡n Ä‘áº§y trÃªn cÃ¡c trang khÃ´ng chÃ­nh thá»‘ng",ÄÃ¡nh giÃ¡ vÃ o 6 thÃ¡ng trÆ°á»›cÄÃ£ dÃ¹ng 1 ngÃ y
TÆ°á»ng Vi,ÄÃ£ tham gia 2 nÄƒm,"ÄÃ£ viáº¿t
8 ÄÃ¡nh giÃ¡",Cá»±c kÃ¬ hÃ i lÃ²ng,,"In áº¥n/mÃ u sáº¯c rÃµ nÃ©t, Khá»• sÃ¡ch nhá» gá»n, dá»… mang Ä‘i, Ná»™i dung sÃ¡ch háº¥p dáº«n, bá»• Ã­ch, TrÃ¬nh bÃ y/Bá»‘ cá»¥c dá»… hiá»ƒu","Äá»c xong cuá»‘n nÃ y cho mÃ¬nh cáº£m nháº­n, hiá»n lÃ  má»™t Ä‘iá»u tá»‘t nhÆ°ng hiá»n quÃ¡ trÆ°á»›c nhá»¯ng sá»± báº¥t cÃ´ng ngÆ°á»i khÃ¡c Ä‘á»‘i vá»›i mÃ¬nh thÃ¬ thÃ nh ra mÃ¬nh bá»‹ ngta xem thÆ°á»ng. 
Cuá»‘n nÃ y há»£p vá»›i nhá»¯ng báº¡n Ä‘ang bá»‹ yáº¿u tháº¿ ko dÃ¡m lÃªn tiáº¿ng cho báº£n thÃ¢n. Thu gá»n",ÄÃ¡nh giÃ¡ vÃ o 6 thÃ¡ng trÆ°á»›cÄÃ£ dÃ¹ng 1 nÄƒm
Há»’ MINH KHOA,ÄÃ£ tham gia 1 nÄƒm,"ÄÃ£ viáº¿t
3 ÄÃ¡nh giÃ¡",Cá»±c kÃ¬ hÃ i lÃ²ng,,,"SÃ¡ch trÃ¬nh bÃ y dá»… hiá»ƒu, Ä‘i sÃ¢u vÃ o tá»«ng hiá»‡u á»©ng tÃ¢m lÃ­ trong cuá»™c sá»‘ng kÃ¨m vd cá»¥ thá»ƒ nÃªn Ä‘á»c ráº¥t hay vÃ  dá»… hiá»ƒu. ÄÃ´i khi sÃ¡ch giÃºp mÃ¬nh nháº­n ra mÃ¬nh Ä‘Ã£ vÃ´ tÃ¬nh lÃ m tá»•n thÆ°Æ¡ng tÃ¢m lÃ­ ngÆ°á»i khÃ¡c mÃ  mik ko biáº¿t. NgoÃ i ra, sÃ¡ch cÃ²n Ä‘Æ°a ra nhá»¯ng giáº£i phÃ¡p, nhá»¯ng cÃ¡ch hay Ä‘á»ƒ mik Ä‘á»‘i xá»­ vs mn cho Ä‘Ãºng mÃ  ko tá»•n thÆ°Æ¡ng há» Thu gá»n",ÄÃ¡nh giÃ¡ vÃ o 1 nÄƒm trÆ°á»›cÄÃ£ dÃ¹ng 1 ngÃ y
Nguyá»…n Minh Thu,ÄÃ£ tham gia 6 nÄƒm,"ÄÃ£ viáº¿t
4 ÄÃ¡nh giÃ¡",Cá»±c kÃ¬ hÃ i lÃ²ng,,,"SÃ¡ch ráº¥t hay, tÃ¡c giáº£ Ä‘á» cáº­p Ä‘áº¿n nhá»¯ng váº¥n Ä‘á» mÃ¬nh thÆ°á»ng khÃ³ chá»‹u nhÆ°ng khÃ´ng biáº¿t cÃ¡ch bÃ y tá», má»—i váº¥n Ä‘á» Ä‘Æ°á»£c nÃªu riÃªng biá»‡t 1 chÆ°Æ¡ng nÃªn cho dÃ¹ báº­n mÃ¬nh váº«n theo dÃµi Ä‘Æ°á»£c.
Cháº¥t lÆ°á»£ng in tá»‘t.
Mong nxb ra thÃªm sÃ¡ch cá»§a tÃ¡c giáº£ nÃ y! Thu gá»n",ÄÃ¡nh giÃ¡ vÃ o 2 nÄƒm trÆ°á»›cÄÃ£ dÃ¹ng 13 ngÃ y
Oanh Oanh,ÄÃ£ tham gia 4 nÄƒm,"ÄÃ£ viáº¿t
6 ÄÃ¡nh giÃ¡",Cá»±c kÃ¬ hÃ i lÃ²ng,,,"SÃ¡ch Ä‘á»c ok láº¯m luÃ´n nhÆ°ng mÃ  sáº£n pháº©m mÃ¬nh nháº­n khÃ´ng cÃ³ boookmark hÆ¡i buá»“n
ÄÃ³ng gÃ³i quÃ¡ lÃ  sÆ¡ sÃ i hÆ¡i tháº¥t vá»ng chÃºt",ÄÃ¡nh giÃ¡ vÃ o 1 nÄƒm trÆ°á»›cÄÃ£ dÃ¹ng 1 ngÃ y
Váº­n ÄÃ m,ÄÃ£ tham gia 3 nÄƒm,"ÄÃ£ viáº¿t
22 ÄÃ¡nh giÃ¡",Cá»±c kÃ¬ hÃ i lÃ²ng,,,"SÃ¡ch vá» nhanh, tuy nhiÃªn do bá» vÃ o má»—i má»™t cÃ¡i há»™p nÃªn sÃ¡ch bá»‹ mÃ³p má»™t vÃ i chá»—.Mong tiki trading cáº£i thiá»‡n Ä‘Ã³ng gÃ³i hÃ ng hÆ¡n.
Cuá»‘n nÃ y tháº¥y khÃ¡ nhiá»u ngÆ°á»i recommend nÃªn mong ná»™i dung sáº½ Ä‘Ãºng nhÆ° gÃ¬ mk mong Ä‘á»£i Thu gá»n",ÄÃ¡nh giÃ¡ vÃ o 2 nÄƒm trÆ°á»›cÄÃ£ dÃ¹ng 2 giá»
LÃª KhÃ¡nh,ÄÃ£ tham gia 4 nÄƒm,"ÄÃ£ viáº¿t
13 ÄÃ¡nh giÃ¡",Cá»±c kÃ¬ hÃ i lÃ²ng,,,"Tiki giao hÃ ng nhanh láº¯m áº¡ Ä‘áº·t tá»‘i hqua trÆ°a nay Ä‘Ã£ giao mÃ u sáº¯c, in áº¥n rÃµ nÃ©t",ÄÃ¡nh giÃ¡ vÃ o 1 nÄƒm trÆ°á»›cÄÃ£ dÃ¹ng 3 giá»
Tráº§n Thá»‹ Tháº£o,ÄÃ£ tham gia 2 nÄƒm,"ÄÃ£ viáº¿t
1 ÄÃ¡nh giÃ¡",Cá»±c kÃ¬ hÃ i lÃ²ng,,"BÃ¬a Ä‘áº¹p, báº¯t máº¯t, cháº¥t lÆ°á»£ng giáº¥y tá»‘t, in áº¥n/mÃ u sáº¯c rÃµ nÃ©t, Khá»• sÃ¡ch nhá» gá»n, dá»… mang Ä‘i","Má»™t quyá»ƒn sÃ¡ch tÃ¢m Ä‘áº¯c
1. Vá» hÃ¬nh thá»©c: sÃ¡ch cháº¯c cháº¯n, giáº¥y Ä‘áº¹p bÃ¬a áº¥n tÆ°á»£ng, chá»¯ in rÃµ nÃ©t, táº·ng kÃ¨m bookmark nhÆ° Ä‘Ã£ há»©a, mÃ u sÃ¡ch hÆ¡i ngÃ£ vÃ ng Ä‘á»c khÃ´ng má»i máº¯t. 10/10
2. Vá» giao hÃ ng: láº§n giao nÃ y cÃ³ hÆ¡i lÃ¢u hÆ¡n nhá»¯ng láº§n trÆ°á»›c nhÆ°ng khÃ´ng sao, do váº­n chuyá»ƒn nÃªn gÃ³c cÃ³ hÆ¡i mÃ³p nhÆ°ng táº¡m cháº¥p nháº­n Ä‘Æ°á»£c. 8.5/10
3. Vá» ná»™i dung: pháº§n quan trá»ng cÅ©ng nhÆ° lÃ m mÃ¬nh Æ°ng Ã½ nháº¥t. Giá»ng vÄƒn tÃ¡c giáº£ ráº¥t cÃ¡ tÃ­nh, khÃ¡c biá»‡t vÃ  thuyáº¿t phá»¥c. Ná»™i dung sÃ¡ch xoay quanh nhá»¯ng chá»§ Ä‘á» tÃ¢m lÃ­ trong thá»±c táº¡i cuá»™c sá»‘ng nhÆ° cÃ¡c hiá»‡u á»©ng tÃ¢m lÃ­, tá»± sÃ¡t, tháº§n tÆ°á»£ng,.. vá»›i lÃ­ luáº­n cháº·t cháº½ há»£p lÃ­, cháº¡m Ä‘áº¿n thá»±c sá»± trÃ¡i tim ngÆ°á»i Ä‘á»c má»™t cÃ¡ch chÃ¢n tháº­t, dá»… hiá»ƒu, sÃ¢u sáº¯c vÃ  truyá»n cáº£m há»©ng vÃ´ cÃ¹ng....Äá»‘i vá»›i báº£n thÃ¢n mÃ¬nh bao nhiÃªu Ä‘Ã³ lÃ  quÃ¡ Ä‘á»§ Ä‘á»ƒ bá» tiá»n tÃºi ra mÃ  ko cáº£m tháº¥y há»‘i háº­n. TÃ³m láº¡i SÃCH HAY NÃŠN MUA, KO LÃ€M Má»ŒI NGÆ¯á»œI THáº¤T Vá»ŒNG! Thu gá»n",ÄÃ¡nh giÃ¡ vÃ o 2 nÄƒm trÆ°á»›cÄÃ£ dÃ¹ng 1 ngÃ y
SÆ¡n ÄÃ o,ÄÃ£ tham gia 4 nÄƒm,"ÄÃ£ viáº¿t
10 ÄÃ¡nh giÃ¡",Cá»±c kÃ¬ hÃ i lÃ²ng,,"In áº¥n/mÃ u sáº¯c rÃµ nÃ©t, Khá»• sÃ¡ch nhá» gá»n, dá»… mang Ä‘i, Ná»™i dung sÃ¡ch háº¥p dáº«n, bá»• Ã­ch, TrÃ¬nh bÃ y/Bá»‘ cá»¥c dá»… hiá»ƒu",sÃ¡ch hay láº¯m luÃ´n Ã¡.Vá»«a vÃ o thÃ´i Ä‘Ã£ dÃ­nh ngay cÃ¢u nÃ³i mÃ¬nh cá»±c kÃ¬ thÃ­ch ğŸ¥¹,ÄÃ¡nh giÃ¡ vÃ o 2 nÄƒm trÆ°á»›cÄÃ£ dÃ¹ng 1 thÃ¡ng
Thanh Quang,ÄÃ£ tham gia 6 nÄƒm,"ÄÃ£ viáº¿t
2 ÄÃ¡nh giÃ¡",Cá»±c kÃ¬ hÃ i lÃ²ng,,"In áº¥n/mÃ u sáº¯c rÃµ nÃ©t, Khá»• sÃ¡ch nhá» gá»n, dá»… mang Ä‘i, Ná»™i dung sÃ¡ch háº¥p dáº«n, bá»• Ã­ch, TrÃ¬nh bÃ y/Bá»‘ cá»¥c dá»… hiá»ƒu","MÃ¬nh mua thÃªm 3 quyá»ƒn Ä‘á»ƒ Ä‘i táº·ng báº¡n bÃ¨ mÃ  giao hÃ ng ko bá»c chá»‘ng sá»‘c, 3 quyá»ƒn Ä‘áº·t chung vá»›i nhau nÃªn bá»‹ xÆ°á»›c vÃ  nhÄƒn 1 sá»‘ chá»—. Tiki lÆ°u Ã½ hÆ¡n trong khÃ¢u Ä‘Ã³ng gÃ³i nhÃ©
VÃ¬ ná»™i dung sÃ¡ch nÃªn váº«n Ä‘Ã¡nh giÃ¡ 5 sao Thu gá»n",ÄÃ¡nh giÃ¡ vÃ o 2 nÄƒm trÆ°á»›cÄÃ£ dÃ¹ng 5 giá»
Tráº§n ChÃ¢u,ÄÃ£ tham gia 2 nÄƒm,"ÄÃ£ viáº¿t
3 ÄÃ¡nh giÃ¡",Cá»±c kÃ¬ hÃ i lÃ²ng,,,"Tiki giÃ¡o hÃ ng thÃ¬ lÃºc nÃ o cÅ©ng nhanh, like.
SÃ¡ch nhÃ¬n ráº¥t Ä‘áº¹p, ná»™i dung thÃ¬ chÆ°a biáº¿t.",ÄÃ¡nh giÃ¡ vÃ o 2 nÄƒm trÆ°á»›cÄÃ£ dÃ¹ng 23 phÃºt
Nguyá»…n BÃ¬nh An,ÄÃ£ tham gia 5 nÄƒm,"ÄÃ£ viáº¿t
6 ÄÃ¡nh giÃ¡",Cá»±c kÃ¬ hÃ i lÃ²ng,,"In áº¥n/mÃ u sáº¯c rÃµ nÃ©t, Khá»• sÃ¡ch nhá» gá»n, dá»… mang Ä‘i, Ná»™i dung sÃ¡ch háº¥p dáº«n, bá»• Ã­ch, TrÃ¬nh bÃ y/Bá»‘ cá»¥c dá»… hiá»ƒu","SÃ¡ch Ä‘áº¹p, cÃ³ bookmark. Ná»™i dung hay, bá»• Ã­ch. SÃ¡ch nÃ y cÃ³ nhiá»u Review rá»“i nÃªn mÃ¬nh khÃ´ng nÃ³i gÃ¬ thÃªm(áº£nh mang tÃ­nh cháº¥t lÆ°á»i chá»¥p).",ÄÃ¡nh giÃ¡ vÃ o 2 nÄƒm trÆ°á»›cÄÃ£ dÃ¹ng 8 ngÃ y
Nguyá»…n PhÆ°Æ¡ng ThÃ¹y,ÄÃ£ tham gia 8 nÄƒm,"ÄÃ£ viáº¿t
360 ÄÃ¡nh giÃ¡",Cá»±c kÃ¬ hÃ i lÃ²ng,,"BÃ¬a Ä‘áº¹p, báº¯t máº¯t, cháº¥t lÆ°á»£ng giáº¥y tá»‘t, in áº¥n/mÃ u sáº¯c rÃµ nÃ©t, Khá»• sÃ¡ch nhá» gá»n, dá»… mang Ä‘i","Sáº£n pháº©m tá»‘t trong táº§m giÃ¡, tÃ´i hÃ i lÃ²ng sau khi mua hÃ ng. Giao hÃ ng nhanh vÃ  Ä‘Ã³ng gÃ³i cáº©n tháº­n. TÃ´i chia sáº» thÃªm hÃ¬nh áº£nh cho má»i ngÆ°á»i tham kháº£o khi mua hÃ ng nhÃ©. TÃ´i sáº½ mua láº¡i láº§n ná»¯a cá»§a shop náº¿u cáº§n thÃªm. Thu gá»n",ÄÃ¡nh giÃ¡ vÃ o 2 nÄƒm trÆ°á»›cÄÃ£ dÃ¹ng 1 ngÃ y
Thanh Nhi,ÄÃ£ tham gia 5 nÄƒm,"ÄÃ£ viáº¿t
7 ÄÃ¡nh giÃ¡",Cá»±c kÃ¬ hÃ i lÃ²ng,,,"MÃ¬nh mua dÃ¹m nhá» em lÃ m quÃ  táº·ng nÃªn khÃ´ng biáº¿t ná»™i dung ra sao nhÆ°ng trÆ°á»›c máº¯t Ä‘Ã³ng gÃ³i vÃ  giao hÃ ng ráº¥t nhanh, Ä‘áº·t ngÃ y CN thá»© 2 Ä‘Ã£ nháº­n Ä‘Æ°á»£c rá»“i",ÄÃ¡nh giÃ¡ vÃ o 10 thÃ¡ng trÆ°á»›cÄÃ£ dÃ¹ng 2 ngÃ y
Hannah Tráº§n,ÄÃ£ tham gia 11 nÄƒm,"ÄÃ£ viáº¿t
27 ÄÃ¡nh giÃ¡",Cá»±c kÃ¬ hÃ i lÃ²ng,,In áº¥n/mÃ u sáº¯c rÃµ nÃ©t,"SÃ¡ch cÅ©ng hay tuy nhiÃªn ngÃ´n ngá»¯ hÆ¡i nhÃ m chÃ¡n vá»›i má»™t sá»‘ chÆ°Æ¡ng. Tháº¥y váº«n ko háº¥p dáº«n tuyá»‡t Ä‘á»‘i.
ÄÃ¡nh giÃ¡ 8/10",ÄÃ¡nh giÃ¡ vÃ o 1 nÄƒm trÆ°á»›cÄÃ£ dÃ¹ng 2 thÃ¡ng
Phuong Dung,ÄÃ£ tham gia 3 nÄƒm,"ÄÃ£ viáº¿t
1 ÄÃ¡nh giÃ¡",Cá»±c kÃ¬ hÃ i lÃ²ng,,,"Giao hÃ ng ráº¥t nhanh luÃ´n, sÃ¡ch in rÃµ nÃ©t Ä‘áº¹p, Ä‘áº·c biá»‡t khÃ´ng bá»‹ rÃ¡ch gÃ³c hay mÃ³p mÃ©o,Ná»™i dung thÃ¬ Ä‘á»‰nh cá»§a chÃ³p,cho cÃ¡i nhÃ¬n má»›i vá» cuá»™c sá»‘ng.",ÄÃ¡nh giÃ¡ vÃ o 2 nÄƒm trÆ°á»›cÄÃ£ dÃ¹ng 28 phÃºt
TrÃ  My,ÄÃ£ tham gia 2 nÄƒm,"ÄÃ£ viáº¿t
3 ÄÃ¡nh giÃ¡",Cá»±c kÃ¬ hÃ i lÃ²ng,,,"Cháº¥t giáº¥y xá»‹n, Ä‘áº¹p, k bá»‹ mÃ³p mÃ©o nha
CÃ³ bookmark 2 máº·t, chÆ°a Ä‘á»c nÃªn k bt ná»™i dung sao ná»¯a. NÃ³i chung sÃ¡ch ráº¥t lÃ  ok",ÄÃ¡nh giÃ¡ vÃ o 2 nÄƒm trÆ°á»›cÄÃ£ dÃ¹ng 2 giá»
Yáº¿n Ngá»c,ÄÃ£ tham gia 2 nÄƒm,"ÄÃ£ viáº¿t
2 ÄÃ¡nh giÃ¡",Cá»±c kÃ¬ hÃ i lÃ²ng,,,Ná»™i dung quÃ¡ hay! Má»›i Ä‘á»c má»¥c lá»¥c Ä‘áº§u Ä‘Ã£ tháº¥y Æ°ng bá»¥ng rá»“i. SÃ¡ch giao nhanh. K bá»‹ mÃ³p mÃ©o gÃ¬ khi Ä‘áº¿n tay. 10 Ä‘á»‰m,ÄÃ¡nh giÃ¡ vÃ o 2 nÄƒm trÆ°á»›cÄÃ£ dÃ¹ng 6 giá»
Thanh Thuy,ÄÃ£ tham gia 3 nÄƒm,"ÄÃ£ viáº¿t
3 ÄÃ¡nh giÃ¡",Cá»±c kÃ¬ hÃ i lÃ²ng,,,"ChÆ°a Ä‘oc  nÃªn chÆ°a biáº¿t ná»™i dung tháº¿ nÃ o nhÆ°ng Ä‘Ã³ng gÃ³i Ä‘áº¹p vÃ  cháº¯c cháº¯n
Sáº½ á»§ng há»™ tiki dÃ i dÃ i",ÄÃ¡nh giÃ¡ vÃ o 1 nÄƒm trÆ°á»›cÄÃ£ dÃ¹ng 2 giá»
LÃª KhÃ¡nh Linh,ÄÃ£ tham gia 6 nÄƒm,"ÄÃ£ viáº¿t
3 ÄÃ¡nh giÃ¡",Cá»±c kÃ¬ hÃ i lÃ²ng,,"Khá»• sÃ¡ch nhá» gá»n, dá»… mang Ä‘i, Ná»™i dung sÃ¡ch háº¥p dáº«n, bá»• Ã­ch, TrÃ¬nh bÃ y/Bá»‘ cá»¥c dá»… hiá»ƒu",Má»™t cuá»‘n sÃ¡ch ráº¥t Ä‘Ã¡ng mua mang Ä‘áº¿n nhá»¯ng bÃ i há»c giÃ¡ trá»‹ vá»›i ngay thá»±c táº¿ Ä‘á»i sá»‘ng. GiÃºp mÃ¬nh xem xÃ©t láº¡i lá»‘i sá»‘ng nÃ³i chung vÃ  lá»‘i sá»‘ng cá»§a mÃ¬nh nÃ³i riÃªng Ä‘á»ƒ Ä‘Æ°a ra pháº£n á»©ng giáº£i quyáº¿t cÅ©ng nhÆ° Ä‘iá»u chá»‰nh cho Ä‘Ãºng Ä‘áº¯n hÆ¡n. Thu gá»n,ÄÃ¡nh giÃ¡ vÃ o 2 nÄƒm trÆ°á»›cÄÃ£ dÃ¹ng 1 ngÃ y
ThÆ°Æ¡ng ThÆ°Æ¡ng,ÄÃ£ tham gia 6 nÄƒm,"ÄÃ£ viáº¿t
7 ÄÃ¡nh giÃ¡",Cá»±c kÃ¬ hÃ i lÃ²ng,,"In áº¥n/mÃ u sáº¯c rÃµ nÃ©t, Khá»• sÃ¡ch nhá» gá»n, dá»… mang Ä‘i, Ná»™i dung sÃ¡ch háº¥p dáº«n, bá»• Ã­ch, TrÃ¬nh bÃ y/Bá»‘ cá»¥c dá»… hiá»ƒu","HÃ¬nh áº£nh chá»‰ mang tÃ­nh minh há»a. NhÆ°ng sÃ¡ch hay láº¯m áº¡, cÃ³ nhiá»u cÃ¢u chuyá»‡n nhá»",ÄÃ¡nh giÃ¡ vÃ o 1 nÄƒm trÆ°á»›cÄÃ£ dÃ¹ng 1 thÃ¡ng
Nguyá»…n Há»“ng Yáº¿n,ÄÃ£ tham gia 4 nÄƒm,"ÄÃ£ viáº¿t
55 ÄÃ¡nh giÃ¡",Cá»±c kÃ¬ hÃ i lÃ²ng,,"In áº¥n/mÃ u sáº¯c rÃµ nÃ©t, Khá»• sÃ¡ch nhá» gá»n, dá»… mang Ä‘i, Ná»™i dung sÃ¡ch háº¥p dáº«n, bá»• Ã­ch, TrÃ¬nh bÃ y/Bá»‘ cá»¥c dá»… hiá»ƒu",Quyá»n nÃ y cá»±c ká»³ hay nhed,ÄÃ¡nh giÃ¡ vÃ o 1 nÄƒm trÆ°á»›cÄÃ£ dÃ¹ng 3 thÃ¡ng
NgÃ´ Tráº§n Minh ThÆ°,ÄÃ£ tham gia 7 nÄƒm,"ÄÃ£ viáº¿t
4 ÄÃ¡nh giÃ¡",Cá»±c kÃ¬ hÃ i lÃ²ng,,"In áº¥n/mÃ u sáº¯c rÃµ nÃ©t, Khá»• sÃ¡ch nhá» gá»n, dá»… mang Ä‘i, Ná»™i dung sÃ¡ch háº¥p dáº«n, bá»• Ã­ch, TrÃ¬nh bÃ y/Bá»‘ cá»¥c dá»… hiá»ƒu","Shop Ä‘Ã³ng gÃ³i cáº©n tháº­n vÃ  cháº¯c cháº¯n, sÃ¡ch hay, ráº¥t Ä‘Ã¡ng tiá»n",ÄÃ¡nh giÃ¡ vÃ o 2 nÄƒm trÆ°á»›cÄÃ£ dÃ¹ng 3 giá»
Chula Katz,ÄÃ£ tham gia 3 nÄƒm,"ÄÃ£ viáº¿t
16 ÄÃ¡nh giÃ¡",Cá»±c kÃ¬ hÃ i lÃ²ng,,"In áº¥n/mÃ u sáº¯c rÃµ nÃ©t, Khá»• sÃ¡ch nhá» gá»n, dá»… mang Ä‘i, Ná»™i dung sÃ¡ch háº¥p dáº«n, bá»• Ã­ch, TrÃ¬nh bÃ y/Bá»‘ cá»¥c dá»… hiá»ƒu","VÄƒn phong Ä‘á»™c Ä‘Ã¡o má»›i máº», giáº£i thÃ­ch nhiá»u váº¥n Ä‘á» tÆ°á»Ÿng lÃ  bÃ¬nh thÆ°á»ng nhÆ°ng láº¡i khÃ´ng bÃ¬nh thÆ°á»ng trong cuá»™c sá»‘ng. Má»™t cuá»‘n sÃ¡ch hay lÃ m thay Ä‘á»•i cÃ¡ch nhÃ¬n nháº­n tháº¿ giá»›i",ÄÃ¡nh giÃ¡ vÃ o 2 nÄƒm trÆ°á»›cÄÃ£ dÃ¹ng 28 phÃºt
KhÃ¡nh Linh,ÄÃ£ tham gia 2 nÄƒm,"ÄÃ£ viáº¿t
2 ÄÃ¡nh giÃ¡",Cá»±c kÃ¬ hÃ i lÃ²ng,,"In áº¥n/mÃ u sáº¯c rÃµ nÃ©t, Khá»• sÃ¡ch nhá» gá»n, dá»… mang Ä‘i, Ná»™i dung sÃ¡ch háº¥p dáº«n, bá»• Ã­ch, TrÃ¬nh bÃ y/Bá»‘ cá»¥c dá»… hiá»ƒu","SÃ¡ch Ä‘á»c hay nha, giao hÃ ng nhanh ná»¯a. NÃªn mua nha má»i ngÆ°á»i.",ÄÃ¡nh giÃ¡ vÃ o 2 nÄƒm trÆ°á»›cÄÃ£ dÃ¹ng 7 giá»
Kim Tuyen,ÄÃ£ tham gia 9 nÄƒm,"ÄÃ£ viáº¿t
13 ÄÃ¡nh giÃ¡",Cá»±c kÃ¬ hÃ i lÃ²ng,,,"CÃ¢u Ä‘á» tá»« cá»§a sÃ¡ch khÃ¡ hay. KhÃ´ng cÃ³ cáº£m xÃºc nÃ o lÃ  xáº¥u xa, cáº§n pháº£i triá»‡t tiÃªu, bá»Ÿi má»—i cáº£m xÃºc Ä‘á»u cÃ³ nguyÃªn nhÃ¢n vÃ  mang thÃ´ng Ä‘iá»‡p riÃªng cá»§a nÃ³.",ÄÃ¡nh giÃ¡ vÃ o 1 nÄƒm trÆ°á»›cÄÃ£ dÃ¹ng 1 giá»
Thanh NgÃ¢n,ÄÃ£ tham gia 2 nÄƒm,"ÄÃ£ viáº¿t
8 ÄÃ¡nh giÃ¡",Cá»±c kÃ¬ hÃ i lÃ²ng,,,"Giao nhanh, sÃ¡ch vÃ  bookmark hÆ¡i cÅ© ká»¹ vÃ  cong. Mong shop sau nÃ y báº£o quáº£n sÃ¡ch tá»‘t hÆ¡n
Shipper thÃ¢n thiá»‡n, coi nhÆ° cÅ©ng á»•n",ÄÃ¡nh giÃ¡ vÃ o 2 nÄƒm trÆ°á»›cÄÃ£ dÃ¹ng 5 phÃºt
BÃ­ch LiÃªn,ÄÃ£ tham gia 2 nÄƒm,"ÄÃ£ viáº¿t
17 ÄÃ¡nh giÃ¡",Cá»±c kÃ¬ hÃ i lÃ²ng,,,"Shop bá»c hÃ ng á»•n
BÃ¬a sÃ¡ch Ä‘áº¹p 
Ná»™i dung hay Ã½ nghÄ©a
Giao hÃ ng Ä‘Ãºng háº¹n
Thankyou shop
NÃªn mua áº¡",ÄÃ¡nh giÃ¡ vÃ o 2 nÄƒm trÆ°á»›cÄÃ£ dÃ¹ng 1 giá»
Hiá»ƒu Dinh,ÄÃ£ tham gia 10 nÄƒm,"ÄÃ£ viáº¿t
2 ÄÃ¡nh giÃ¡",Cá»±c kÃ¬ hÃ i lÃ²ng,,,"SÃ¡ch má»›i thÆ¡m, chá»¯ rÃµ dá»… Ä‘á»c, ná»™i dung hay, má»›i Ä‘á»c vÃ i trang cáº£m tháº¥y ráº¥t cuá»‘n áº¡",ÄÃ¡nh giÃ¡ vÃ o 2 nÄƒm trÆ°á»›cÄÃ£ dÃ¹ng 1 giá»
HUY HOANG,ÄÃ£ tham gia 6 nÄƒm,"ÄÃ£ viáº¿t
6 ÄÃ¡nh giÃ¡",Cá»±c kÃ¬ hÃ i lÃ²ng,,,Sáº£n pháº©m bá»c cáº©n tháº­n giao hÃ ng hÆ¡i lÃ¢u in Ä‘áº¹p,ÄÃ¡nh giÃ¡ vÃ o 2 nÄƒm trÆ°á»›cÄÃ£ dÃ¹ng 2 giá»
Apple User,ÄÃ£ tham gia 1 nÄƒm,"ÄÃ£ viáº¿t
1 ÄÃ¡nh giÃ¡",Cá»±c kÃ¬ hÃ i lÃ²ng,,"In áº¥n/mÃ u sáº¯c rÃµ nÃ©t, Khá»• sÃ¡ch nhá» gá»n, dá»… mang Ä‘i, Ná»™i dung sÃ¡ch háº¥p dáº«n, bá»• Ã­ch, TrÃ¬nh bÃ y/Bá»‘ cá»¥c dá»… hiá»ƒu","sÃ¡ch hay vÃ  bá»• Ã­ch, dÃ nh cho nhá»¯ng ngÆ°á»i thiáº¿u láº­p trÆ°á»ng, thiáº¿u chÃ­nh kiáº¿n vÃ  hay tá»± há»i vÃ¬ sao mÃ¬nh luÃ´n bá»‹ thiá»‡t thÃ²i, bá»‹ báº¯t náº¡t, lá»£i dá»¥ng lÃ²ng tá»‘t",ÄÃ¡nh giÃ¡ vÃ o 8 thÃ¡ng trÆ°á»›cÄÃ£ dÃ¹ng 1 thÃ¡ng
Thu Huyá»n,ÄÃ£ tham gia 3 nÄƒm,"ÄÃ£ viáº¿t
15 ÄÃ¡nh giÃ¡",Cá»±c kÃ¬ hÃ i lÃ²ng,,"BÃ¬a Ä‘áº¹p, báº¯t máº¯t, in áº¥n/mÃ u sáº¯c rÃµ nÃ©t",Äá»c dá»… hiá»ƒu. Nhá»¯ng cÃ¢u chuyá»‡n ráº¥t bÃ¬nh thÆ°á»ng gáº·p hÃ ng ngÃ y nhÆ°ng cÃ³ thá»ƒ lÃ  báº«y tÃ¢m lÃ½. Nhá»¯ng tÃ¢m há»“n ngÃ¢y thÆ¡ cáº§n hiá»ƒu thÃªm vá» cuá»™c sá»‘ng nÃªn Ä‘á»c,ÄÃ¡nh giÃ¡ vÃ o 2 nÄƒm trÆ°á»›cÄÃ£ dÃ¹ng 1 thÃ¡ng
MÃ¨o Nháº£m NhÃ­,ÄÃ£ tham gia 2 nÄƒm,"ÄÃ£ viáº¿t
1 ÄÃ¡nh giÃ¡",Cá»±c kÃ¬ hÃ i lÃ²ng,,,"Mua Ä‘Ãºng Ä‘á»£t sÄƒn sale nÃªn Ä‘Æ°á»£c giÃ¡ tá»‘t hehe
SÃ¡ch hay
BÃ¬a áº¥n tÆ°á»£ng
Giá»ng vÄƒn cÃ¡ tÃ­nh
HÃ i lÃ²ng",ÄÃ¡nh giÃ¡ vÃ o 2 nÄƒm trÆ°á»›cÄÃ£ dÃ¹ng 19 phÃºt
Jane Ahn,ÄÃ£ tham gia 4 nÄƒm,"ÄÃ£ viáº¿t
51 ÄÃ¡nh giÃ¡",Cá»±c kÃ¬ hÃ i lÃ²ng,,"In áº¥n/mÃ u sáº¯c rÃµ nÃ©t, Khá»• sÃ¡ch nhá» gá»n, dá»… mang Ä‘i, Ná»™i dung sÃ¡ch háº¥p dáº«n, bá»• Ã­ch, TrÃ¬nh bÃ y/Bá»‘ cá»¥c dá»… hiá»ƒu","Ngay tá»« chÆ°Æ¡ng Ä‘áº§u, tÃ´i Ä‘Ã£ bá»‹ ná»™i dung cá»§a cuá»‘n nÃ y thu phá»¥c. Gáº§n nhÆ° táº¥t cáº£ nhá»¯ng Ä‘iá»u thÆ°á»ng tháº¥y xáº£y ra xung quanh mÃ¬nh Ä‘á»u Ä‘Æ°á»£c má»Ÿ ra Ä‘Ã¡p Ã¡n áº¥y...
ÄÃ¡ng Ä‘á»c cá»±c kÃ¬!",ÄÃ¡nh giÃ¡ vÃ o 1 nÄƒm trÆ°á»›cÄÃ£ dÃ¹ng 4 thÃ¡ng
Lu BoiBoi,ÄÃ£ tham gia 6 nÄƒm,"ÄÃ£ viáº¿t
13 ÄÃ¡nh giÃ¡",Cá»±c kÃ¬ hÃ i lÃ²ng,,,"HÃ´m nay, mÃ¬nh sáº½ chia sáº» vá»›i cÃ¡c báº¡n 03 nguá»“n Ä‘á»c cá»±c â€˜cháº¥tâ€™ giÃºp mÃ¬nh cÃ³ vá»‘n tá»« khá»§ng, tráº£i dÃ i á»Ÿ kháº¯p cÃ¡c chá»§ Ä‘á» mÃ  IELTS Reading nháº¯c tá»›i:",ÄÃ¡nh giÃ¡ vÃ o 2 nÄƒm trÆ°á»›cÄÃ£ dÃ¹ng 3 giá»
Tráº§n Thuáº­n,ÄÃ£ tham gia 6 nÄƒm,"ÄÃ£ viáº¿t
13 ÄÃ¡nh giÃ¡",Cá»±c kÃ¬ hÃ i lÃ²ng,,,ChÆ°a Ä‘á»c,ÄÃ¡nh giÃ¡ vÃ o 4 thÃ¡ng trÆ°á»›cÄÃ£ dÃ¹ng 1 giá»
Olivia Nguyá»…n,ÄÃ£ tham gia 2 nÄƒm,"ÄÃ£ viáº¿t
5 ÄÃ¡nh giÃ¡",Cá»±c kÃ¬ hÃ i lÃ²ng,,,"SÃ¡ch hay láº¯m nha, Ä‘Æ°á»£c táº·ng bookmark ná»¯a nha, bÃ¬a Ä‘áº¹p, giao siÃªu nhanh luÃ´n",ÄÃ¡nh giÃ¡ vÃ o 2 nÄƒm trÆ°á»›cÄÃ£ dÃ¹ng 6 giá»
Thao Linh,ÄÃ£ tham gia 3 nÄƒm,"ÄÃ£ viáº¿t
10 ÄÃ¡nh giÃ¡",Cá»±c kÃ¬ hÃ i lÃ²ng,,,,ÄÃ¡nh giÃ¡ vÃ o 1 nÄƒm trÆ°á»›cÄÃ£ dÃ¹ng 7 ngÃ y
Kinhted,ÄÃ£ tham gia 9 nÄƒm,"ÄÃ£ viáº¿t
14 ÄÃ¡nh giÃ¡",Cá»±c kÃ¬ hÃ i lÃ²ng,,,"giao hÃ ng cá»±c nhanh, hi vá»ng cÃ¡c máº¹o tÃ¢m lÃ½ trong sÃ¡ch cÃ³ Ã­ch",ÄÃ¡nh giÃ¡ vÃ o 1 nÄƒm trÆ°á»›cÄÃ£ dÃ¹ng 4 giá»
Quang Minh,ÄÃ£ tham gia 5 nÄƒm,"ÄÃ£ viáº¿t
17 ÄÃ¡nh giÃ¡",Cá»±c kÃ¬ hÃ i lÃ²ng,,,"Máº«u mÃ£ báº¯t máº¯t nha, ná»™i dung chÆ°a Ä‘á»c nÃªn chÆ°a Ä‘Ã¡nh giÃ¡ Ä‘Æ°á»£c áº¡",ÄÃ¡nh giÃ¡ vÃ o 5 thÃ¡ng trÆ°á»›cÄÃ£ dÃ¹ng 1 giá»
Nguyá»…n Thá»‹ Há»“ng Tháº¯m,ÄÃ£ tham gia 8 nÄƒm,"ÄÃ£ viáº¿t
111 ÄÃ¡nh giÃ¡",Cá»±c kÃ¬ hÃ i lÃ²ng,,,"Ná»™i dung khÃ¡ hay, gáº·p trÃºng váº¥n Ä‘á» cá»§a mÃ¬nh. Nhiá»u váº¥n Ä‘á» xÃ£ há»™i Ä‘Æ°á»£c Ä‘á» cáº­p, vÃ­ dá»¥ láº¥y táº¡i Viá»‡t Nam nÃªn ráº¥t gáº§n gÅ©i",ÄÃ¡nh giÃ¡ vÃ o 2 nÄƒm trÆ°á»›cÄÃ£ dÃ¹ng 3 ngÃ y
Äáº·ng Huá»³nh Quáº¿ TrÃ¢m,ÄÃ£ tham gia 5 nÄƒm,"ÄÃ£ viáº¿t
6 ÄÃ¡nh giÃ¡",Cá»±c kÃ¬ hÃ i lÃ²ng,,"In áº¥n/mÃ u sáº¯c rÃµ nÃ©t, Khá»• sÃ¡ch nhá» gá»n, dá»… mang Ä‘i, Ná»™i dung sÃ¡ch háº¥p dáº«n, bá»• Ã­ch, TrÃ¬nh bÃ y/Bá»‘ cá»¥c dá»… hiá»ƒu","Rate 5 sao cho cuá»‘n nÃ y vÃ¬ ná»™i dung thá»±c táº¿, dá»… hiá»ƒu nhÆ°ng khai thÃ¡c nhiá»u váº¥n Ä‘á» xoay quanh cuá»™c sá»‘ng",ÄÃ¡nh giÃ¡ vÃ o 1 nÄƒm trÆ°á»›cÄÃ£ dÃ¹ng 7 ngÃ y
Háº­u VÅ©,ÄÃ£ tham gia 4 nÄƒm,"ÄÃ£ viáº¿t
10 ÄÃ¡nh giÃ¡",Cá»±c kÃ¬ hÃ i lÃ²ng,,"In áº¥n/mÃ u sáº¯c rÃµ nÃ©t, Khá»• sÃ¡ch nhá» gá»n, dá»… mang Ä‘i, Ná»™i dung sÃ¡ch háº¥p dáº«n, bá»• Ã­ch, TrÃ¬nh bÃ y/Bá»‘ cá»¥c dá»… hiá»ƒu","SÃ¡ch Ä‘áº¹p , má»›i , khÃ¡ thÃ­ch , ná»™i dung chÆ°a Ä‘á»c nÃªn chÆ°a biáº¿t.",ÄÃ¡nh giÃ¡ vÃ o 2 nÄƒm trÆ°á»›cÄÃ£ dÃ¹ng 8 ngÃ y
Nguyá»…n Thá»‹ Báº£o ChÃ¢u,ÄÃ£ tham gia 2 nÄƒm,"ÄÃ£ viáº¿t
7 ÄÃ¡nh giÃ¡",Cá»±c kÃ¬ hÃ i lÃ²ng,,,"MÃ u sáº¯c rÃµ nÃ©t, cháº¥t lÆ°á»£ng giáº¥y tá»‘t. Ná»™i dung sÃ¡ch háº¥p dáº«n, bá»‘ cá»¥c rÃµ rÃ ng.",ÄÃ¡nh giÃ¡ vÃ o 10 thÃ¡ng trÆ°á»›cÄÃ£ dÃ¹ng 2 ngÃ y
KhÃ¡nh VÃ¢n,ÄÃ£ tham gia 6 nÄƒm,"ÄÃ£ viáº¿t
9 ÄÃ¡nh giÃ¡",Cá»±c kÃ¬ hÃ i lÃ²ng,,"BÃ¬a Ä‘áº¹p, báº¯t máº¯t, cháº¥t lÆ°á»£ng giáº¥y tá»‘t, in áº¥n/mÃ u sáº¯c rÃµ nÃ©t, Khá»• sÃ¡ch nhá» gá»n, dá»… mang Ä‘i","HÃ ng giao nhanh, Ä‘Ã³ng gÃ³i cáº©n tháº­n. BÃ¬a Ä‘áº¹p, Ä‘Æ¡n giáº£n. Ná»™i dung sÃ¡ch khÃ¡ hay.",ÄÃ¡nh giÃ¡ vÃ o 2 nÄƒm trÆ°á»›cÄÃ£ dÃ¹ng 6 ngÃ y
Song Thanh,ÄÃ£ tham gia 4 nÄƒm,"ÄÃ£ viáº¿t
5 ÄÃ¡nh giÃ¡",Cá»±c kÃ¬ hÃ i lÃ²ng,,"In áº¥n/mÃ u sáº¯c rÃµ nÃ©t, Khá»• sÃ¡ch nhá» gá»n, dá»… mang Ä‘i, TrÃ¬nh bÃ y/Bá»‘ cá»¥c dá»… hiá»ƒu","Giao hÃ ng cá»±c nhanh! 
Ná»™i dung chÆ°a Ä‘á»c nÃªn chÆ°a Ä‘Ã¡nh giÃ¡. 
GÃ³i hÃ ng Ä‘áº¹p.",ÄÃ¡nh giÃ¡ vÃ o 2 nÄƒm trÆ°á»›cÄÃ£ dÃ¹ng 1 ngÃ y
Äáº¡t LÃª,ÄÃ£ tham gia 1 nÄƒm,"ÄÃ£ viáº¿t
2 ÄÃ¡nh giÃ¡",Cá»±c kÃ¬ hÃ i lÃ²ng,,"Khá»• sÃ¡ch nhá» gá»n, dá»… mang Ä‘i, Ná»™i dung sÃ¡ch háº¥p dáº«n, bá»• Ã­ch, TrÃ¬nh bÃ y/Bá»‘ cá»¥c dá»… hiá»ƒu",MÃ¬nh khÃ¡ thÃ­ch ná»™i dung sÃ¡ch. MÃ¬nh nháº­n ra Ä‘Æ°á»£c nhiá»u gÃ³c nhÃ¬n khÃ¡c vá» cuá»™c sá»‘ng qua lÄƒng kÃ­nh tÃ¡c giáº£,ÄÃ¡nh giÃ¡ vÃ o 2 thÃ¡ng trÆ°á»›cÄÃ£ dÃ¹ng 4 thÃ¡ng
Dinh Cong Hoan,ÄÃ£ tham gia 6 nÄƒm,"ÄÃ£ viáº¿t
38 ÄÃ¡nh giÃ¡",Cá»±c kÃ¬ hÃ i lÃ²ng,,,Nhanh Gá»n Tiá»‡n vÃ  giÃ¡ há»£p lÃ½. TÃ´i sáº½ trá»Ÿ láº¡i mua hÃ ng vÃ o láº§n sau vÃ  giá»›i thiá»‡u vá»›i báº¡n bÃ¨ sá»­ dá»¥ng dá»‹ch vá»¥,ÄÃ¡nh giÃ¡ vÃ o 2 nÄƒm trÆ°á»›cÄÃ£ dÃ¹ng 1 ngÃ y
Aaaaaa Aaaaa,ÄÃ£ tham gia 3 nÄƒm,"ÄÃ£ viáº¿t
14 ÄÃ¡nh giÃ¡",Cá»±c kÃ¬ hÃ i lÃ²ng,,"In áº¥n/mÃ u sáº¯c rÃµ nÃ©t, Khá»• sÃ¡ch nhá» gá»n, dá»… mang Ä‘i, Ná»™i dung sÃ¡ch háº¥p dáº«n, bá»• Ã­ch, TrÃ¬nh bÃ y/Bá»‘ cá»¥c dá»… hiá»ƒu","SÃ¡ch Ä‘áº¹p, bm cÃ³ Ä‘á»§, Ä‘Ã³ng gÃ³i cáº©n tháº­n",ÄÃ¡nh giÃ¡ vÃ o 1 nÄƒm trÆ°á»›cÄÃ£ dÃ¹ng 1 thÃ¡ng
Äá»— Hiá»n,ÄÃ£ tham gia 6 nÄƒm,"ÄÃ£ viáº¿t
45 ÄÃ¡nh giÃ¡",Cá»±c kÃ¬ hÃ i lÃ²ng,,,"SÃ¡ch hay, bao bÃ¬ Ä‘áº¹p, Ä‘Æ°á»£c bá»c bao xá»‘p chá»‘ng tráº§y cáº©n tháº­n.",ÄÃ¡nh giÃ¡ vÃ o 7 thÃ¡ng trÆ°á»›cÄÃ£ dÃ¹ng 2 giá»
Báº¡ch VÃ¢n,ÄÃ£ tham gia 5 nÄƒm,"ÄÃ£ viáº¿t
7 ÄÃ¡nh giÃ¡",Cá»±c kÃ¬ hÃ i lÃ²ng,,,"HÃ ng giao nhanh
Shop gÃ³i hÃ ng ká»¹, sÃ¡ch k bá»‹ mÃ³p hay tráº§y
MÃ¬nh ch Ä‘á»c nÃªn k biáº¿t sÃ¡ch hay hay k",ÄÃ¡nh giÃ¡ vÃ o 1 nÄƒm trÆ°á»›cÄÃ£ dÃ¹ng 8 giá»
HÃ  Tráº§n,ÄÃ£ tham gia 2 nÄƒm,"ÄÃ£ viáº¿t
2 ÄÃ¡nh giÃ¡",Cá»±c kÃ¬ hÃ i lÃ²ng,,,"SÃ¡ch gáº¥t Ä‘áº¹p nha:>> gÃ³i hÃ ng chÆ°a cháº¯c cháº¯n láº¯m:')) nhÆ°ng sÃ¡ch ko bá»‹ rÃ¡ch, xÆ°á»›c, lem má»±c gÃ¬ cáº£ nÃªn cho 5s",ÄÃ¡nh giÃ¡ vÃ o 1 nÄƒm trÆ°á»›cÄÃ£ dÃ¹ng 3 giá»
PhÃºc HÆ°Æ¡ng,ÄÃ£ tham gia 3 nÄƒm,"ÄÃ£ viáº¿t
6 ÄÃ¡nh giÃ¡",Cá»±c kÃ¬ hÃ i lÃ²ng,,,Cháº³ng cÃ³ cáº£m xÃºc nÃ o lÃ  xáº¥u xa Ä‘Ã¡ng Ä‘á»ƒ triá»‡t tiÃªu,ÄÃ¡nh giÃ¡ vÃ o 2 nÄƒm trÆ°á»›cÄÃ£ dÃ¹ng 1 thÃ¡ng
NghÄ©a ThÃ nh DÆ°Æ¡ng,ÄÃ£ tham gia 2 nÄƒm,"ÄÃ£ viáº¿t
5 ÄÃ¡nh giÃ¡",Cá»±c kÃ¬ hÃ i lÃ²ng,,"In áº¥n/mÃ u sáº¯c rÃµ nÃ©t, Khá»• sÃ¡ch nhá» gá»n, dá»… mang Ä‘i, Ná»™i dung sÃ¡ch háº¥p dáº«n, bá»• Ã­ch, TrÃ¬nh bÃ y/Bá»‘ cá»¥c dá»… hiá»ƒu",sÃ¡ch Ä‘áº¹p nd hay giao hÃ ng nhanh nhÆ°ng máº¥y trang cáº¯t giáº¥y ko Ä‘á»u bá»‹ dÆ° 1 khÃºc ra lun cÃ²n bá»‹ dÃ­nh láº¡i vs nhau ná»¯ağŸ˜¿ 4/5ğŸ–¤ğŸ–¤ğŸ–¤,ÄÃ¡nh giÃ¡ vÃ o 2 nÄƒm trÆ°á»›cÄÃ£ dÃ¹ng 2 ngÃ y
HoÃ i ThÆ°Æ¡ng,ÄÃ£ tham gia 3 nÄƒm,"ÄÃ£ viáº¿t
1 ÄÃ¡nh giÃ¡",Cá»±c kÃ¬ hÃ i lÃ²ng,,,"HÃ ng Ä‘Ã³ng gÃ³i tá»‘t, sÃ¡ch má»›i tinh. Ná»™i dung má»›i Ä‘á»c thÃ¬ tháº¥y khÃ¡ cuá»‘n",ÄÃ¡nh giÃ¡ vÃ o 2 nÄƒm trÆ°á»›cÄÃ£ dÃ¹ng 1 giá»
Äáº·ng NhÆ° PhÆ°Æ¡ng,ÄÃ£ tham gia 5 nÄƒm,"ÄÃ£ viáº¿t
4 ÄÃ¡nh giÃ¡",Cá»±c kÃ¬ hÃ i lÃ²ng,,,"ÄÃ³ng gÃ³i cáº§n tháº­n, bÃ¬a sÃ¡ch thiáº¿t káº¿ Ä‘áº¹p. Ná»™i dung sÃ¡ch tháº¥y review hay nÃªn mua Ä‘á»c thá»­, mong ráº±ng sáº½ khÃ´ng lÃ m mÃ¬nh tháº¥t vá»ng",ÄÃ¡nh giÃ¡ vÃ o 2 nÄƒm trÆ°á»›cÄÃ£ dÃ¹ng 2 giá»
Nguyá»…n Nháº­t Nguyá»…n,ÄÃ£ tham gia 6 nÄƒm,"ÄÃ£ viáº¿t
5 ÄÃ¡nh giÃ¡",Cá»±c kÃ¬ hÃ i lÃ²ng,,,Cuá»‘n sÃ¡ch nÃ y sáº½ khiáº¿n cho ngÆ°á»i Ä‘á»c cÃ³ nhiá»u gÃ³c nhÃ¬n hÆ¡n khi Ä‘á»‘i máº·t vá»›i nhá»¯ng viá»‡c xáº£y ra trong cuá»™c sá»‘ng cá»§a chÃºng ta,ÄÃ¡nh giÃ¡ vÃ o 2 nÄƒm trÆ°á»›cÄÃ£ dÃ¹ng 14 phÃºt
Huyá»n Anh,ÄÃ£ tham gia 3 nÄƒm,"ÄÃ£ viáº¿t
7 ÄÃ¡nh giÃ¡",Cá»±c kÃ¬ hÃ i lÃ²ng,,,"SÃ¡ch há»¯u Ã­ch vs tui, tuy nhiÃªn sÃ¡ch hÆ¡i bá»¥i báº·m cáº§n kháº¯c phá»¥c vá»‡ sinh sÃ¡ch trc khi giao",ÄÃ¡nh giÃ¡ vÃ o 1 nÄƒm trÆ°á»›cÄÃ£ dÃ¹ng 27 phÃºt
VÅ© Tráº§n Thu Tháº£o,ÄÃ£ tham gia 5 nÄƒm,"ÄÃ£ viáº¿t
20 ÄÃ¡nh giÃ¡",Cá»±c kÃ¬ hÃ i lÃ²ng,,,"chá»¯ in tá»‘t, bÃ¬a cá»©ng cÃ¡p. trong sÃ¡ch cÃ³ káº¹p thÃªm 1 cÃ¡i bookmark. giáº¥y cá»§a sÃ¡ch khÃ¡ má»‹n, dai, xÃºc cáº£m cháº¡m vÃ o ráº¥t thÃ­ch",ÄÃ¡nh giÃ¡ vÃ o 2 nÄƒm trÆ°á»›cÄÃ£ dÃ¹ng 2 ngÃ y
Tráº§n Quang Thá»‘ng,ÄÃ£ tham gia 5 nÄƒm,"ÄÃ£ viáº¿t
52 ÄÃ¡nh giÃ¡",Cá»±c kÃ¬ hÃ i lÃ²ng,,,Bao bá»c cáº©n tháº­n,ÄÃ¡nh giÃ¡ vÃ o 1 nÄƒm trÆ°á»›cÄÃ£ dÃ¹ng 20 phÃºt
Tráº§n Tháº¯m,ÄÃ£ tham gia 6 nÄƒm,"ÄÃ£ viáº¿t
67 ÄÃ¡nh giÃ¡",Cá»±c kÃ¬ hÃ i lÃ²ng,,,"Giao nhanh nhÆ°ng cÃ³ vÃ i cuá»‘n df, do sale nÃªn ko Ä‘á»•i chá»© náº¿u lÃ  sÃ¡ch Ä‘am lÃ  100% mÃ¬nh sáº½ báº¯t Ä‘á»•i",ÄÃ¡nh giÃ¡ vÃ o 2 nÄƒm trÆ°á»›cÄÃ£ dÃ¹ng 1 giá»
Huá»³nh Há»“ Yáº¿n My,ÄÃ£ tham gia 2 nÄƒm,"ÄÃ£ viáº¿t
25 ÄÃ¡nh giÃ¡",Cá»±c kÃ¬ hÃ i lÃ²ng,,,"SÃ¡ch Ä‘áº¹p, giÃ¡o nhanh hÆ¡n ngÃ y dá»± kiáº¿n",ÄÃ¡nh giÃ¡ vÃ o 2 nÄƒm trÆ°á»›cÄÃ£ dÃ¹ng 9 phÃºt
Huá»³nh Thá»‹ Minh Thuáº­n,ÄÃ£ tham gia 5 nÄƒm,"ÄÃ£ viáº¿t
16 ÄÃ¡nh giÃ¡",Cá»±c kÃ¬ hÃ i lÃ²ng,,,"KhÃ¡ cuá»‘n, Ä‘á»c ko bá»‹ lÃº nhÆ° ThiÃªn tÃ i bÃªn trÃ¡i, káº» Ä‘iÃªn bÃªn pháº£i",ÄÃ¡nh giÃ¡ vÃ o 1 nÄƒm trÆ°á»›cÄÃ£ dÃ¹ng 1 giá»
Nguyá»…n VÄƒn Minh,ÄÃ£ tham gia 6 nÄƒm,"ÄÃ£ viáº¿t
6 ÄÃ¡nh giÃ¡",Cá»±c kÃ¬ hÃ i lÃ²ng,,,"ChÆ°a Ä‘á»c ná»™i dung nhÆ°ng Ä‘á»c má»¥c lá»¥c tháº¥y ráº¥t ok, Ä‘Æ°á»£c cÃ¡i giao hÃ ng ráº¥t nhanh",ÄÃ¡nh giÃ¡ vÃ o 1 nÄƒm trÆ°á»›cÄÃ£ dÃ¹ng 9 phÃºt
Gia Linh,ÄÃ£ tham gia 3 nÄƒm,"ÄÃ£ viáº¿t
76 ÄÃ¡nh giÃ¡",Cá»±c kÃ¬ hÃ i lÃ²ng,,,"Ná»™i dung hay, nhÆ° tiÃªu Ä‘á» cá»§a sÃ¡ch váº­y. SÃ¡ch má»›i vÃ  ráº¥t Ä‘áº¹p. Tiki giao hÃ ng siÃªu nhanh luÃ´n áº¥y, cáº£m Æ¡n tiki nhÃ©",ÄÃ¡nh giÃ¡ vÃ o 2 nÄƒm trÆ°á»›cÄÃ£ dÃ¹ng 1 ngÃ y
Apaca Cute,ÄÃ£ tham gia 2 nÄƒm,"ÄÃ£ viáº¿t
5 ÄÃ¡nh giÃ¡",Cá»±c kÃ¬ hÃ i lÃ²ng,,,giao hÃ ng ráº¥t lÃ  nhanh luÃ´n,ÄÃ¡nh giÃ¡ vÃ o 2 nÄƒm trÆ°á»›cÄÃ£ dÃ¹ng 6 phÃºt
Há»“ng Nguyá»‡t,ÄÃ£ tham gia 6 nÄƒm,"ÄÃ£ viáº¿t
14 ÄÃ¡nh giÃ¡",Cá»±c kÃ¬ hÃ i lÃ²ng,,,"SÃ¡ch hay, ná»™i dung dá»… hiá»ƒu",ÄÃ¡nh giÃ¡ vÃ o 2 nÄƒm trÆ°á»›cÄÃ£ dÃ¹ng 13 ngÃ y
HoÃ ng Linh,ÄÃ£ tham gia 3 nÄƒm,"ÄÃ£ viáº¿t
10 ÄÃ¡nh giÃ¡",Cá»±c kÃ¬ hÃ i lÃ²ng,,,"- BÃ¬a sÃ¡ch Ä‘áº¹p
- Ná»™i dung siÃªu hay
- Bá» qua cho sá»± giao hÃ ng phá»©c táº¡p cá»§a Ä‘Æ¡n hÃ ng mÃ¬nh",ÄÃ¡nh giÃ¡ vÃ o 2 nÄƒm trÆ°á»›cÄÃ£ dÃ¹ng 1 ngÃ y
Nguyá»…n Lan,ÄÃ£ tham gia 1 nÄƒm,"ÄÃ£ viáº¿t
30 ÄÃ¡nh giÃ¡",Cá»±c kÃ¬ hÃ i lÃ²ng,,,"Mua 2q nÃªn Ä‘ag Ä‘á»c quyá»ƒn Ä‘áº§u chÆ°a Ä‘á»c Ä‘áº¿n quyá»ƒn nÃ y. Tuy nhiÃªn sÆ¡ lÆ°á»£c qua tháº¥y khÃ¡ thÃº vá»‹, ráº¥t hÃ³ng Ä‘á»ƒ Ä‘á»c Ä‘áº¿nğŸ¥°iuuu thÆ°n~",ÄÃ¡nh giÃ¡ vÃ o 1 nÄƒm trÆ°á»›cÄÃ£ dÃ¹ng 8 giá»
Chau Tran Minh,ÄÃ£ tham gia 5 nÄƒm,"ÄÃ£ viáº¿t
57 ÄÃ¡nh giÃ¡",Cá»±c kÃ¬ hÃ i lÃ²ng,,,SÃ¡ch má»›i Ä‘áº¹p,ÄÃ¡nh giÃ¡ vÃ o 2 thÃ¡ng trÆ°á»›cÄÃ£ dÃ¹ng 1 giá»
Äáº·ng Ãi Loan,ÄÃ£ tham gia 2 nÄƒm,"ÄÃ£ viáº¿t
6 ÄÃ¡nh giÃ¡",Cá»±c kÃ¬ hÃ i lÃ²ng,,,MÃ¬nh chÆ°a xem. Äáº·t giao trong 2h nÃªn giao ráº¥t nhanh. Äá»ƒ Ä‘á»c rÃ¹i sáº½ review sau kk,ÄÃ¡nh giÃ¡ vÃ o 1 nÄƒm trÆ°á»›cÄÃ£ dÃ¹ng 8 phÃºt
Quang Trung,ÄÃ£ tham gia 3 nÄƒm,"ÄÃ£ viáº¿t
4 ÄÃ¡nh giÃ¡",Cá»±c kÃ¬ hÃ i lÃ²ng,,,"Giao hÃ ng nhanh, shipper thÃ¢n thiá»‡n. SÃ¡ch Ä‘áº¹p nhÆ°ng mÃ¬nh chÆ°a Ä‘á»c nÃªn chÆ°a biáº¿t ná»™i dung sao ğŸ˜.",ÄÃ¡nh giÃ¡ vÃ o 2 nÄƒm trÆ°á»›cÄÃ£ dÃ¹ng 3 giá»
Triá»‡u NguyÃªn,ÄÃ£ tham gia 6 nÄƒm,"ÄÃ£ viáº¿t
2 ÄÃ¡nh giÃ¡",Cá»±c kÃ¬ hÃ i lÃ²ng,,,"Giao hÃ ng siÃªu nhanh, Ä‘Ã³ng gÃ³i hÆ¡i sÆ¡ sÃ i chÃºt, sÃ¡ch hÆ¡i báº©n bá»¥i, nÃ³i chung lÃ  á»•n :))))",ÄÃ¡nh giÃ¡ vÃ o 2 nÄƒm trÆ°á»›cÄÃ£ dÃ¹ng 8 giá»
Nguyá»…n ThÃ nh,ÄÃ£ tham gia 2 nÄƒm,"ÄÃ£ viáº¿t
1 ÄÃ¡nh giÃ¡",Cá»±c kÃ¬ hÃ i lÃ²ng,,,"SÃ¡ch Ä‘áº¹p, dÃ y, giao nhanh. Ná»™i dung sÃ¢u sáº¯c.",ÄÃ¡nh giÃ¡ vÃ o 2 nÄƒm trÆ°á»›cÄÃ£ dÃ¹ng 24 phÃºt
Ms Phong Lan,ÄÃ£ tham gia 7 nÄƒm,"ÄÃ£ viáº¿t
417 ÄÃ¡nh giÃ¡",Cá»±c kÃ¬ hÃ i lÃ²ng,,,"Äá»c thÃªm 1 cuá»‘n sÃ¡ch tÃ­ch luá»¹ thÃªm má»™t Ã­t kiáº¿n thá»©c, sá»‘ng tá»‰nh thá»©c hÆ¡n",ÄÃ¡nh giÃ¡ vÃ o 5 thÃ¡ng trÆ°á»›cÄÃ£ dÃ¹ng 3 ngÃ y
Lan Anh,ÄÃ£ tham gia 3 nÄƒm,"ÄÃ£ viáº¿t
8 ÄÃ¡nh giÃ¡",Cá»±c kÃ¬ hÃ i lÃ²ng,,"In áº¥n/mÃ u sáº¯c rÃµ nÃ©t, Khá»• sÃ¡ch nhá» gá»n, dá»… mang Ä‘i, Ná»™i dung sÃ¡ch háº¥p dáº«n, bá»• Ã­ch, TrÃ¬nh bÃ y/Bá»‘ cá»¥c dá»… hiá»ƒu",ÄÃ³ng gÃ³i tá»‘t cÃ³ táº·ng kÃ¨m bookmark,ÄÃ¡nh giÃ¡ vÃ o 2 nÄƒm trÆ°á»›cÄÃ£ dÃ¹ng 3 phÃºt
Äinh Thá»‹ Há»“ng Nhung,ÄÃ£ tham gia 4 nÄƒm,"ÄÃ£ viáº¿t
97 ÄÃ¡nh giÃ¡",Cá»±c kÃ¬ hÃ i lÃ²ng,,,"Cháº¥t lÆ°á»£ng sÃ¡ch tá»‘t, giao hÃ ng nhanh",ÄÃ¡nh giÃ¡ vÃ o 10 thÃ¡ng trÆ°á»›cÄÃ£ dÃ¹ng 1 ngÃ y
Tráº§n Quang Táº£o,ÄÃ£ tham gia 1 nÄƒm,"ÄÃ£ viáº¿t
6 ÄÃ¡nh giÃ¡",Cá»±c kÃ¬ hÃ i lÃ²ng,,,ÄÃ³ng gÃ³i hÆ¡i cáº©u tháº£ nhÆ°ng nhÃ  á»Ÿ gáº§n nÃªn khÃ´ng bá»‹ hÆ°,ÄÃ¡nh giÃ¡ vÃ o 1 nÄƒm trÆ°á»›cÄÃ£ dÃ¹ng 3 giá»
ÄoÃ n Trang,ÄÃ£ tham gia 4 nÄƒm,"ÄÃ£ viáº¿t
3 ÄÃ¡nh giÃ¡",Cá»±c kÃ¬ hÃ i lÃ²ng,,"In áº¥n/mÃ u sáº¯c rÃµ nÃ©t, Ná»™i dung sÃ¡ch háº¥p dáº«n, bá»• Ã­ch, TrÃ¬nh bÃ y/Bá»‘ cá»¥c dá»… hiá»ƒu","Sáº£n pháº©m Ä‘áº¹p nhÆ°ng mÃ  bao khÃ´ng ká»‰ nÃªn vá» giÃ  bá»‹ dÆ¡ quÃ¡, nhÆ°ng mÃ  ná»™i dung ráº¥t hayyy",ÄÃ¡nh giÃ¡ vÃ o 2 nÄƒm trÆ°á»›cÄÃ£ dÃ¹ng 7 giá»
Nguyá»…n ThÃ nh CÃ´ng,ÄÃ£ tham gia 3 nÄƒm,"ÄÃ£ viáº¿t
5 ÄÃ¡nh giÃ¡",Cá»±c kÃ¬ hÃ i lÃ²ng,,"In áº¥n/mÃ u sáº¯c rÃµ nÃ©t, Khá»• sÃ¡ch nhá» gá»n, dá»… mang Ä‘i, Ná»™i dung sÃ¡ch háº¥p dáº«n, bá»• Ã­ch, TrÃ¬nh bÃ y/Bá»‘ cá»¥c dá»… hiá»ƒu",SÃ¡ch Ä‘á»c á»•n. Giáº£i Ä‘Ã¡p má»™t sá»‘ hiá»‡n tÆ°á»£ng xÃ£ há»™i theo gÃ³c nhÃ¬n tÃ¡c giáº£,ÄÃ¡nh giÃ¡ vÃ o 5 thÃ¡ng trÆ°á»›cÄÃ£ dÃ¹ng 1 thÃ¡ng
NGUYá»„N THá»Š Má»¸ AN,ÄÃ£ tham gia 5 nÄƒm,"ÄÃ£ viáº¿t
14 ÄÃ¡nh giÃ¡",Cá»±c kÃ¬ hÃ i lÃ²ng,,,,ÄÃ¡nh giÃ¡ vÃ o 2 thÃ¡ng trÆ°á»›cÄÃ£ dÃ¹ng 1 giá»
Ngá»c Minh,ÄÃ£ tham gia 2 nÄƒm,"ÄÃ£ viáº¿t
1 ÄÃ¡nh giÃ¡",Cá»±c kÃ¬ hÃ i lÃ²ng,,,truyá»‡n ráº¥t hay tháº­t sá»± mÃ¬nh cáº£m tháº¥y ráº¥t vui vÃ  cáº£m tháº¥y may máº¯n vÃ¬ Ä‘Ã£ mua lÃºc Ä‘ang sale nÃªn ráº¥t ráº» nhÆ°ng truyá»‡n ráº¥t Ä‘Ã¡ng Ä‘á»ƒ bá» tiá»n cá»§a cÃ¡c ra,ÄÃ¡nh giÃ¡ vÃ o 2 nÄƒm trÆ°á»›cÄÃ£ dÃ¹ng 1 ngÃ y
Pháº¡m Thá»‹ HoÃ i,ÄÃ£ tham gia 6 nÄƒm,"ÄÃ£ viáº¿t
9 ÄÃ¡nh giÃ¡",Cá»±c kÃ¬ hÃ i lÃ²ng,,"In áº¥n/mÃ u sáº¯c rÃµ nÃ©t, Khá»• sÃ¡ch nhá» gá»n, dá»… mang Ä‘i, Ná»™i dung sÃ¡ch háº¥p dáº«n, bá»• Ã­ch, TrÃ¬nh bÃ y/Bá»‘ cá»¥c dá»… hiá»ƒu","SÃ¡ch siÃªu hay Ä‘Ã³ng gÃ³i cáº©n tháº­n, tá»‘c Ä‘á»™ giao hÃ ng thÃ¬ khá»i bÃ n luÃ´n",ÄÃ¡nh giÃ¡ vÃ o 2 nÄƒm trÆ°á»›cÄÃ£ dÃ¹ng 3 thÃ¡ng
BÃ­ch Tá»­,ÄÃ£ tham gia 3 nÄƒm,"ÄÃ£ viáº¿t
10 ÄÃ¡nh giÃ¡",Cá»±c kÃ¬ hÃ i lÃ²ng,,"In áº¥n/mÃ u sáº¯c rÃµ nÃ©t, Khá»• sÃ¡ch nhá» gá»n, dá»… mang Ä‘i, Ná»™i dung sÃ¡ch háº¥p dáº«n, bá»• Ã­ch, TrÃ¬nh bÃ y/Bá»‘ cá»¥c dá»… hiá»ƒu","PhÃ¹ há»£p vá»›i nhá»¯ng ngÆ°á»i Ä‘ang cÃ³ váº¥n Ä‘á» vá»›i xÃ£ há»™i   hÆ¡n nhÃ©,cÃ²n náº¿u khÃ´ng quan tÃ¢m ngÆ°á»i khÃ¡c thÃ¬ k mua cx Ä‘c",ÄÃ¡nh giÃ¡ vÃ o 1 nÄƒm trÆ°á»›cÄÃ£ dÃ¹ng 2 thÃ¡ng
NhÃ£ PhÆ°Æ¡ng,ÄÃ£ tham gia 3 nÄƒm,"ÄÃ£ viáº¿t
4 ÄÃ¡nh giÃ¡",Cá»±c kÃ¬ hÃ i lÃ²ng,,,giao nhanh xá»‰u luÃ´n. má»›i Ä‘áº·t lÃºc sÃ¡ng mÃ  chiá»u cÃ³ rá»“i neeeee,ÄÃ¡nh giÃ¡ vÃ o 1 nÄƒm trÆ°á»›cÄÃ£ dÃ¹ng 5 phÃºt
Nhii Nguyá»…n,ÄÃ£ tham gia 3 nÄƒm,"ÄÃ£ viáº¿t
2 ÄÃ¡nh giÃ¡",Cá»±c kÃ¬ hÃ i lÃ²ng,,,SÃ¡ch ráº¥t dark nhÆ°ng mÃ  hayy,ÄÃ¡nh giÃ¡ vÃ o 9 thÃ¡ng trÆ°á»›cÄÃ£ dÃ¹ng 4 giá»
UyÃªn LÆ°u,ÄÃ£ tham gia 2 nÄƒm,"ÄÃ£ viáº¿t
16 ÄÃ¡nh giÃ¡",Cá»±c kÃ¬ hÃ i lÃ²ng,,,"ÄÃ³ng gÃ³i kÄ© mÃ  sÃ¡ch khÃ´ng Ä‘Æ°á»£c bá»c nÃªn hÆ¡i báº©n bÃ¬a 1 tÃ­, giao nhanh",ÄÃ¡nh giÃ¡ vÃ o 2 nÄƒm trÆ°á»›cÄÃ£ dÃ¹ng 10 phÃºt
MÃ¨o MÃ©o Meo MÃ¨o Meo,ÄÃ£ tham gia 4 nÄƒm,"ÄÃ£ viáº¿t
4 ÄÃ¡nh giÃ¡",Cá»±c kÃ¬ hÃ i lÃ²ng,,"In áº¥n/mÃ u sáº¯c rÃµ nÃ©t, Khá»• sÃ¡ch nhá» gá»n, dá»… mang Ä‘i, Ná»™i dung sÃ¡ch háº¥p dáº«n, bá»• Ã­ch, TrÃ¬nh bÃ y/Bá»‘ cá»¥c dá»… hiá»ƒu","SÃ¡ch Ä‘áº¹p, giao nhanh",ÄÃ¡nh giÃ¡ vÃ o 2 nÄƒm trÆ°á»›cÄÃ£ dÃ¹ng 2 giá»
David Thanh,ÄÃ£ tham gia 9 nÄƒm,"ÄÃ£ viáº¿t
16 ÄÃ¡nh giÃ¡",Cá»±c kÃ¬ hÃ i lÃ²ng,,,"Tá»‘t, giao hÃ ng nhanh.",ÄÃ¡nh giÃ¡ vÃ o 2 nÄƒm trÆ°á»›cÄÃ£ dÃ¹ng 4 ngÃ y
Ko TÃªn,ÄÃ£ tham gia 5 nÄƒm,"ÄÃ£ viáº¿t
3 ÄÃ¡nh giÃ¡",Cá»±c kÃ¬ hÃ i lÃ²ng,,,SÃ¡ch hay Ä‘Ã¡ng Ä‘á»ƒ Ä‘á»c,ÄÃ¡nh giÃ¡ vÃ o 2 nÄƒm trÆ°á»›cÄÃ£ dÃ¹ng 1 thÃ¡ng
PhÆ°Æ¡ng NguyÃªn,ÄÃ£ tham gia 3 nÄƒm,"ÄÃ£ viáº¿t
18 ÄÃ¡nh giÃ¡",Cá»±c kÃ¬ hÃ i lÃ²ng,,,"ná»™i dung khá»i bÃ n, hÃ¬nh thá»©c thÃ¬ siÃªu Æ°ngggg",ÄÃ¡nh giÃ¡ vÃ o 1 nÄƒm trÆ°á»›cÄÃ£ dÃ¹ng 1 giá»
Yul Li,ÄÃ£ tham gia 10 nÄƒm,"ÄÃ£ viáº¿t
12 ÄÃ¡nh giÃ¡",Cá»±c kÃ¬ hÃ i lÃ²ng,,,SÃ¡ch hÆ¡i bá»¥i nhÆ°ng ko bá»‹ cáº¥n gÃ³c nhÆ° nhá»¯ng láº§n trÆ°á»›c ná»¯a. KhÃ¡ lÃ  Æ°ng,ÄÃ¡nh giÃ¡ vÃ o 2 nÄƒm trÆ°á»›cÄÃ£ dÃ¹ng 9 giá»
Nguyá»…n Mai,ÄÃ£ tham gia 4 nÄƒm,"ÄÃ£ viáº¿t
31 ÄÃ¡nh giÃ¡",Cá»±c kÃ¬ hÃ i lÃ²ng,,,SÃ¡ch khÃ´ng Ä‘Æ°á»£c báº£o vá»‡ nhÆ°ng Ä‘áº¿n tay mÃ¬nh váº«n cÃ²n má»›i,ÄÃ¡nh giÃ¡ vÃ o 2 nÄƒm trÆ°á»›cÄÃ£ dÃ¹ng 1 giá»
Q In Lieu,ÄÃ£ tham gia 5 nÄƒm,"ÄÃ£ viáº¿t
2 ÄÃ¡nh giÃ¡",Cá»±c kÃ¬ hÃ i lÃ²ng,,,ÄÃ³ng gÃ³i ráº¥t tá»‘t áº¡ vÃ  ráº¥t vui vÃ¬ Ä‘Æ¡n hÃ ng vá» sá»›m hÆ¡n dá»± kiáº¿n.,ÄÃ¡nh giÃ¡ vÃ o 2 nÄƒm trÆ°á»›cÄÃ£ dÃ¹ng 1 ngÃ y
Thu Trang,ÄÃ£ tham gia 7 nÄƒm,"ÄÃ£ viáº¿t
73 ÄÃ¡nh giÃ¡",Cá»±c kÃ¬ hÃ i lÃ²ng,,,"Cháº¥t lÆ°á»£ng giáº¥y tá»‘t, bÃ¬a Ä‘áº¹p, báº¯t máº¯t, Ä‘Ã³ng gÃ³i kÄ© lÆ°á»¡ng, giao hÃ ng ráº¥t nhanh",ÄÃ¡nh giÃ¡ vÃ o 2 nÄƒm trÆ°á»›cÄÃ£ dÃ¹ng 8 phÃºt
PhÃ¹ng Anh ÄÃ o,ÄÃ£ tham gia 3 nÄƒm,"ÄÃ£ viáº¿t
4 ÄÃ¡nh giÃ¡",Cá»±c kÃ¬ hÃ i lÃ²ng,,,"SÃ¡ch Ä‘áº¹p Ã¡, Ä‘á»c dÃ´ khiáº¿n mÃ¬nh trá»Ÿ thÃ nh cá»p ğŸ˜ğŸ˜ğŸ˜ğŸ˜",ÄÃ¡nh giÃ¡ vÃ o 2 nÄƒm trÆ°á»›cÄÃ£ dÃ¹ng 4 thÃ¡ng
Yul Li,ÄÃ£ tham gia 10 nÄƒm,"ÄÃ£ viáº¿t
12 ÄÃ¡nh giÃ¡",Cá»±c kÃ¬ hÃ i lÃ²ng,,,SÃ¡ch hÆ¡i bá»¥i nhÆ°ng ko bá»‹ cáº¥n gÃ³c nhÆ° nhá»¯ng láº§n trÆ°á»›c ná»¯a. KhÃ¡ lÃ  Æ°ng,ÄÃ¡nh giÃ¡ vÃ o 2 nÄƒm trÆ°á»›cÄÃ£ dÃ¹ng 9 giá»
Nguyá»…n Mai,ÄÃ£ tham gia 4 nÄƒm,"ÄÃ£ viáº¿t
31 ÄÃ¡nh giÃ¡",Cá»±c kÃ¬ hÃ i lÃ²ng,,,SÃ¡ch khÃ´ng Ä‘Æ°á»£c báº£o vá»‡ nhÆ°ng Ä‘áº¿n tay mÃ¬nh váº«n cÃ²n má»›i,ÄÃ¡nh giÃ¡ vÃ o 2 nÄƒm trÆ°á»›cÄÃ£ dÃ¹ng 1 giá»
Q In Lieu,ÄÃ£ tham gia 5 nÄƒm,"ÄÃ£ viáº¿t
2 ÄÃ¡nh giÃ¡",Cá»±c kÃ¬ hÃ i lÃ²ng,,,ÄÃ³ng gÃ³i ráº¥t tá»‘t áº¡ vÃ  ráº¥t vui vÃ¬ Ä‘Æ¡n hÃ ng vá» sá»›m hÆ¡n dá»± kiáº¿n.,ÄÃ¡nh giÃ¡ vÃ o 2 nÄƒm trÆ°á»›cÄÃ£ dÃ¹ng 1 ngÃ y
Thu Trang,ÄÃ£ tham gia 7 nÄƒm,"ÄÃ£ viáº¿t
73 ÄÃ¡nh giÃ¡",Cá»±c kÃ¬ hÃ i lÃ²ng,,,"Cháº¥t lÆ°á»£ng giáº¥y tá»‘t, bÃ¬a Ä‘áº¹p, báº¯t máº¯t, Ä‘Ã³ng gÃ³i kÄ© lÆ°á»¡ng, giao hÃ ng ráº¥t nhanh",ÄÃ¡nh giÃ¡ vÃ o 2 nÄƒm trÆ°á»›cÄÃ£ dÃ¹ng 8 phÃºt
PhÃ¹ng Anh ÄÃ o,ÄÃ£ tham gia 3 nÄƒm,"ÄÃ£ viáº¿t
4 ÄÃ¡nh giÃ¡",Cá»±c kÃ¬ hÃ i lÃ²ng,,,"SÃ¡ch Ä‘áº¹p Ã¡, Ä‘á»c dÃ´ khiáº¿n mÃ¬nh trá»Ÿ thÃ nh cá»p ğŸ˜ğŸ˜ğŸ˜ğŸ˜",ÄÃ¡nh giÃ¡ vÃ o 2 nÄƒm trÆ°á»›cÄÃ£ dÃ¹ng 4 thÃ¡ng
Nguyá»…n Tháº£o Ngá»c,ÄÃ£ tham gia 2 nÄƒm,"ÄÃ£ viáº¿t
10 ÄÃ¡nh giÃ¡",Cá»±c kÃ¬ hÃ i lÃ²ng,,,"Giao hÃ ng nhanh, shipper vui váº» thÃ¢n thiá»‡n. Ná»™i dung chuae Ä‘á»c",ÄÃ¡nh giÃ¡ vÃ o 2 nÄƒm trÆ°á»›cÄÃ£ dÃ¹ng 1 giá»
Pháº¡m Thu,ÄÃ£ tham gia 4 nÄƒm,"ÄÃ£ viáº¿t
7 ÄÃ¡nh giÃ¡",Cá»±c kÃ¬ hÃ i lÃ²ng,,,ÄÃ³ng gÃ³i chÆ°a cháº¯c cháº¯n láº¯m may sÃ¡ch khÃ´ng bá»‹ gÃ¬ ğŸ˜…,ÄÃ¡nh giÃ¡ vÃ o 2 nÄƒm trÆ°á»›cÄÃ£ dÃ¹ng 8 phÃºt
Tráº§n Thá»‹ Má»¹ Linh,ÄÃ£ tham gia 2 nÄƒm,"ÄÃ£ viáº¿t
3 ÄÃ¡nh giÃ¡",Cá»±c kÃ¬ hÃ i lÃ²ng,,,"ChÆ°a Ä‘á»c nhÆ°ng cháº¥t lÆ°á»£ng tá»‘t nha, giÃ¡o nhanh xá»‰u, hÆ¡i bá»‹ báº¥t ngá»",ÄÃ¡nh giÃ¡ vÃ o 2 nÄƒm trÆ°á»›cÄÃ£ dÃ¹ng 3 giá»
PhÆ°Æ¡ng Anh Nguyá»…n,ÄÃ£ tham gia 6 nÄƒm,"ÄÃ£ viáº¿t
9 ÄÃ¡nh giÃ¡",Cá»±c kÃ¬ hÃ i lÃ²ng,,"In áº¥n/mÃ u sáº¯c rÃµ nÃ©t, Khá»• sÃ¡ch nhá» gá»n, dá»… mang Ä‘i, Ná»™i dung sÃ¡ch háº¥p dáº«n, bá»• Ã­ch, TrÃ¬nh bÃ y/Bá»‘ cá»¥c dá»… hiá»ƒu","SÃ¡ch Ä‘Ãºng, ná»™i dung pháº£n Ã¡nh cÃ¡c váº¥n Ä‘á» trong cuá»™c sá»‘ng",ÄÃ¡nh giÃ¡ vÃ o 2 nÄƒm trÆ°á»›cÄÃ£ dÃ¹ng 1 thÃ¡ng
Nguyá»…n Thá»‹ Kim Yáº¿n,ÄÃ£ tham gia 1 nÄƒm,"ÄÃ£ viáº¿t
31 ÄÃ¡nh giÃ¡",Cá»±c kÃ¬ hÃ i lÃ²ng,,,SÃ¡ch hay láº¯m mua Ä‘i máº¥y báº¡n,ÄÃ¡nh giÃ¡ vÃ o 1 nÄƒm trÆ°á»›cÄÃ£ dÃ¹ng 8 phÃºt
HoÃ ng Trá»ng NghÄ©a,ÄÃ£ tham gia 7 nÄƒm,"ÄÃ£ viáº¿t
306 ÄÃ¡nh giÃ¡",Cá»±c kÃ¬ hÃ i lÃ²ng,,,Giao hÃ ng nhanh,ÄÃ¡nh giÃ¡ vÃ o 1 nÄƒm trÆ°á»›cÄÃ£ dÃ¹ng 2 ngÃ y
Nguyá»…n Trá»ng NghÄ©a,ÄÃ£ tham gia 5 nÄƒm,"ÄÃ£ viáº¿t
32 ÄÃ¡nh giÃ¡",Cá»±c kÃ¬ hÃ i lÃ²ng,,,"GÃ³i cáº©n tháº­n, giáº¥p tá»‘t",ÄÃ¡nh giÃ¡ vÃ o 1 nÄƒm trÆ°á»›cÄÃ£ dÃ¹ng 5 giá»
Phuong Chung,ÄÃ£ tham gia 10 nÄƒm,"ÄÃ£ viáº¿t
66 ÄÃ¡nh giÃ¡",Cá»±c kÃ¬ hÃ i lÃ²ng,,"Khá»• sÃ¡ch nhá» gá»n, dá»… mang Ä‘i, Ná»™i dung sÃ¡ch háº¥p dáº«n, bá»• Ã­ch, TrÃ¬nh bÃ y/Bá»‘ cá»¥c dá»… hiá»ƒu",hay hay hay hay so good nice very perfect 1*** Ä‘iá»ƒm,ÄÃ¡nh giÃ¡ vÃ o 6 thÃ¡ng trÆ°á»›cÄÃ£ dÃ¹ng 5 thÃ¡ng
Kiwi Leennguyen,ÄÃ£ tham gia 6 nÄƒm,"ÄÃ£ viáº¿t
55 ÄÃ¡nh giÃ¡",Cá»±c kÃ¬ hÃ i lÃ²ng,,"In áº¥n/mÃ u sáº¯c rÃµ nÃ©t, Khá»• sÃ¡ch nhá» gá»n, dá»… mang Ä‘i, Ná»™i dung sÃ¡ch háº¥p dáº«n, bá»• Ã­ch, TrÃ¬nh bÃ y/Bá»‘ cá»¥c dá»… hiá»ƒu",,ÄÃ¡nh giÃ¡ vÃ o 2 nÄƒm trÆ°á»›cÄÃ£ dÃ¹ng 1 ngÃ y
Trang Nguyá»…n,ÄÃ£ tham gia 4 thÃ¡ng,"ÄÃ£ viáº¿t
2 ÄÃ¡nh giÃ¡",Cá»±c kÃ¬ hÃ i lÃ²ng,,,SÃ¡ch nhÆ° hÃ¬nh oke nha. Cháº¥t lÆ°á»£ng ğŸ‘€âœ¨âœ¨,ÄÃ¡nh giÃ¡ vÃ o 4 thÃ¡ng trÆ°á»›cÄÃ£ dÃ¹ng 1 ngÃ y
Nguyá»…n Thá»‹ Má»¹ Háº¡nh,ÄÃ£ tham gia 6 nÄƒm,"ÄÃ£ viáº¿t
4 ÄÃ¡nh giÃ¡",Cá»±c kÃ¬ hÃ i lÃ²ng,,"In áº¥n/mÃ u sáº¯c rÃµ nÃ©t, Khá»• sÃ¡ch nhá» gá»n, dá»… mang Ä‘i, Ná»™i dung sÃ¡ch háº¥p dáº«n, bá»• Ã­ch, TrÃ¬nh bÃ y/Bá»‘ cá»¥c dá»… hiá»ƒu","Giao hÃ ng ráº¥t nhanh, Ä‘Æ°á»£c Ä‘Ã³ng gÃ³i cáº©n tháº­n. Tuyá»‡t vá»i ğŸ’¯",ÄÃ¡nh giÃ¡ vÃ o 2 nÄƒm trÆ°á»›cÄÃ£ dÃ¹ng 1 giá»
LÃª HoÃ ng,ÄÃ£ tham gia 4 nÄƒm,"ÄÃ£ viáº¿t
1 ÄÃ¡nh giÃ¡",Cá»±c kÃ¬ hÃ i lÃ²ng,,,á»¦ng há»™ Ä‘á»©a con tinh tháº§n Ä‘áº§u tiÃªn cá»§a tÃ¡c giáº£ â¤ï¸â¤ï¸â¤ï¸,ÄÃ¡nh giÃ¡ vÃ o 2 nÄƒm trÆ°á»›cÄÃ£ dÃ¹ng 6 phÃºt
Tráº§n HÃ ,ÄÃ£ tham gia 5 nÄƒm,"ÄÃ£ viáº¿t
16 ÄÃ¡nh giÃ¡",Cá»±c kÃ¬ hÃ i lÃ²ng,,,cháº¥t lÆ°á»£ng tá»‘t,ÄÃ¡nh giÃ¡ vÃ o 1 nÄƒm trÆ°á»›cÄÃ£ dÃ¹ng 2 giá»
Kim NgÃ¢n,ÄÃ£ tham gia 3 nÄƒm,"ÄÃ£ viáº¿t
26 ÄÃ¡nh giÃ¡",Cá»±c kÃ¬ hÃ i lÃ²ng,,,"chÆ°a Ä‘á»c nÃªn chÆ°a biáº¿t ná»™i dung , sÃ¡ch sale nhÆ°ng sÃ¡ch má»›i nha",ÄÃ¡nh giÃ¡ vÃ o 2 nÄƒm trÆ°á»›cÄÃ£ dÃ¹ng 7 phÃºt
Quang Anh,ÄÃ£ tham gia 8 nÄƒm,"ÄÃ£ viáº¿t
11 ÄÃ¡nh giÃ¡",Cá»±c kÃ¬ hÃ i lÃ²ng,,,"ÄÃ³ng gÃ³i cáº©n tháº­n, giao hÃ ng siÃªu nhanh. Cáº£m Æ¡n cÃ¡c báº¡n Tiki!",ÄÃ¡nh giÃ¡ vÃ o 10 thÃ¡ng trÆ°á»›cÄÃ£ dÃ¹ng 7 ngÃ y
KhÃ´i Nam,ÄÃ£ tham gia 3 nÄƒm,"ÄÃ£ viáº¿t
29 ÄÃ¡nh giÃ¡",Cá»±c kÃ¬ hÃ i lÃ²ng,,,SÃ¡ch phÃ¹ há»£p cho cÃ¡c báº¡n tráº» dÆ°á»›i 22 tuá»•i,ÄÃ¡nh giÃ¡ vÃ o 2 nÄƒm trÆ°á»›cÄÃ£ dÃ¹ng 3 giá»
Nguyá»…n Thanh TrÃ ,ÄÃ£ tham gia 6 nÄƒm,"ÄÃ£ viáº¿t
10 ÄÃ¡nh giÃ¡",Cá»±c kÃ¬ hÃ i lÃ²ng,,,"ChÆ°a biáº¿t ná»™i dung ra sao nÃªn Ä‘Ã¡nh giÃ¡ trÆ°á»›c Ä‘Ã£, giao hÃ ng, bá»c gÃ³i cáº©n tháº­n",ÄÃ¡nh giÃ¡ vÃ o 1 nÄƒm trÆ°á»›cÄÃ£ dÃ¹ng 29 phÃºt
TiÃªn HÃ ,ÄÃ£ tham gia 1 nÄƒm,"ÄÃ£ viáº¿t
1 ÄÃ¡nh giÃ¡",Cá»±c kÃ¬ hÃ i lÃ²ng,,,Tuyá»‡t vá»iii,ÄÃ¡nh giÃ¡ vÃ o 1 nÄƒm trÆ°á»›cÄÃ£ dÃ¹ng 21 phÃºt
Hoang Sen,ÄÃ£ tham gia 2 nÄƒm,"ÄÃ£ viáº¿t
23 ÄÃ¡nh giÃ¡",Cá»±c kÃ¬ hÃ i lÃ²ng,,,1 cuá»‘n sÃ¡ch khiáº¿n b nháº­n ra Ä‘Æ°á»£c nhiá»u Ä‘iá»u,ÄÃ¡nh giÃ¡ vÃ o 2 nÄƒm trÆ°á»›cÄÃ£ dÃ¹ng 1 ngÃ y
Tháº£o NguyÃªn,ÄÃ£ tham gia 2 nÄƒm,"ÄÃ£ viáº¿t
12 ÄÃ¡nh giÃ¡",Cá»±c kÃ¬ hÃ i lÃ²ng,,,SÃ¡ch hay,ÄÃ¡nh giÃ¡ vÃ o 1 nÄƒm trÆ°á»›cÄÃ£ dÃ¹ng 2 giá»
ThÃ nh Nguyá»…n,ÄÃ£ tham gia 5 nÄƒm,"ÄÃ£ viáº¿t
14 ÄÃ¡nh giÃ¡",Cá»±c kÃ¬ hÃ i lÃ²ng,,,"Äáº¹p, khÃ´ng lá»—i. ÄÃ¡ng Ä‘á»c",ÄÃ¡nh giÃ¡ vÃ o 1 nÄƒm trÆ°á»›cÄÃ£ dÃ¹ng 6 giá»
Nguyá»…n Quá»‘c KhÃ¡nh,ÄÃ£ tham gia 4 nÄƒm,"ÄÃ£ viáº¿t
4 ÄÃ¡nh giÃ¡",Cá»±c kÃ¬ hÃ i lÃ²ng,,"In áº¥n/mÃ u sáº¯c rÃµ nÃ©t, Khá»• sÃ¡ch nhá» gá»n, dá»… mang Ä‘i, Ná»™i dung sÃ¡ch háº¥p dáº«n, bá»• Ã­ch, TrÃ¬nh bÃ y/Bá»‘ cá»¥c dá»… hiá»ƒu","SÃ¡ch sáº¡ch Ä‘áº¹p
TÃªn má»—i chá»§ Ä‘á» mÃ u hÆ¡i nháº¡t xÃ­u nhÆ°ng váº«n cháº¥p nháº­n 
Ná»™i dung ráº¥t hay vÃ  Ä‘Ã¡ng Ä‘á»ƒ Ä‘á»c",ÄÃ¡nh giÃ¡ vÃ o 2 nÄƒm trÆ°á»›cÄÃ£ dÃ¹ng 6 giá»
Le Thi Lam,ÄÃ£ tham gia 1 nÄƒm,"ÄÃ£ viáº¿t
2 ÄÃ¡nh giÃ¡",Cá»±c kÃ¬ hÃ i lÃ²ng,,"In áº¥n/mÃ u sáº¯c rÃµ nÃ©t, Khá»• sÃ¡ch nhá» gá»n, dá»… mang Ä‘i, Ná»™i dung sÃ¡ch háº¥p dáº«n, bá»• Ã­ch, TrÃ¬nh bÃ y/Bá»‘ cá»¥c dá»… hiá»ƒu",SÃ¡ch Ä‘áº¹p. Ná»™i dung Ä‘Ã¡ng Ä‘á»ƒ tÃ¬m hiá»ƒu,ÄÃ¡nh giÃ¡ vÃ o 5 thÃ¡ng trÆ°á»›cÄÃ£ dÃ¹ng 4 thÃ¡ng
Phuong Anh,ÄÃ£ tham gia 3 nÄƒm,"ÄÃ£ viáº¿t
2 ÄÃ¡nh giÃ¡",Cá»±c kÃ¬ hÃ i lÃ²ng,,,Ná»™i dung Ä‘Æ°á»£c Ä‘Ã¡nh giÃ¡ ráº¥t hay,ÄÃ¡nh giÃ¡ vÃ o 2 nÄƒm trÆ°á»›cÄÃ£ dÃ¹ng 1 ngÃ y
Nguyá»…n Thá»‹ Má»¹ DuyÃªn,ÄÃ£ tham gia 5 nÄƒm,"ÄÃ£ viáº¿t
14 ÄÃ¡nh giÃ¡",HÃ i lÃ²ng,,,sÃ¡ch cÃ³ má»™t sá»‘ chá»— bá»‹ báº©n cÃ²n láº¡i thÃ¬ tá»‘t,ÄÃ¡nh giÃ¡ vÃ o 2 nÄƒm trÆ°á»›cÄÃ£ dÃ¹ng 4 phÃºt
Nguyn Hng Bo Ngc,ÄÃ£ tham gia 5 nÄƒm,"ÄÃ£ viáº¿t
10 ÄÃ¡nh giÃ¡",Cá»±c kÃ¬ hÃ i lÃ²ng,,"In áº¥n/mÃ u sáº¯c rÃµ nÃ©t, Khá»• sÃ¡ch nhá» gá»n, dá»… mang Ä‘i, Ná»™i dung sÃ¡ch háº¥p dáº«n, bá»• Ã­ch, TrÃ¬nh bÃ y/Bá»‘ cá»¥c dá»… hiá»ƒu",Giao hÃ nh nhanh chÃ³ng bÃ¬a sÃ¡ch áº¥n tÆ°á»£ng khÃ¡ hay,ÄÃ¡nh giÃ¡ vÃ o 2 nÄƒm trÆ°á»›cÄÃ£ dÃ¹ng 4 giá»
Nguyá»…n Há»“ng PhÆ°Æ¡ng,ÄÃ£ tham gia 4 nÄƒm,"ÄÃ£ viáº¿t
10 ÄÃ¡nh giÃ¡",Cá»±c kÃ¬ hÃ i lÃ²ng,,,"Ná»™i dung hay, bá»• Ã­ch, sÃ¡ch nhá» gá»n...",ÄÃ¡nh giÃ¡ vÃ o 6 thÃ¡ng trÆ°á»›cÄÃ£ dÃ¹ng 6 ngÃ y
NguyÃªn Nguyá»…n,ÄÃ£ tham gia 2 nÄƒm,"ÄÃ£ viáº¿t
2 ÄÃ¡nh giÃ¡",Cá»±c kÃ¬ hÃ i lÃ²ng,,"Ná»™i dung sÃ¡ch háº¥p dáº«n, bá»• Ã­ch, TrÃ¬nh bÃ y/Bá»‘ cá»¥c dá»… hiá»ƒu",Ná»™i dung háº¥p dáº«n bá»• Ã­ch,ÄÃ¡nh giÃ¡ vÃ o 1 nÄƒm trÆ°á»›cÄÃ£ dÃ¹ng 1 thÃ¡ng
Thanh Thanh,ÄÃ£ tham gia 6 nÄƒm,"ÄÃ£ viáº¿t
2 ÄÃ¡nh giÃ¡",Cá»±c kÃ¬ hÃ i lÃ²ng,,,"SÃ¡ch ná»™i dung hay, giao Ä‘Ãºng háº¹n vÃ  Ä‘Ã³ng gÃ³i cáº©n tháº­n",ÄÃ¡nh giÃ¡ vÃ o 10 thÃ¡ng trÆ°á»›cÄÃ£ dÃ¹ng 3 giá»
Thuá»· Äang Cháº¡y Deadline,ÄÃ£ tham gia 2 nÄƒm,"ÄÃ£ viáº¿t
3 ÄÃ¡nh giÃ¡",Cá»±c kÃ¬ hÃ i lÃ²ng,,,Giao hÃ ng nhanh Ä‘Ã³ng gÃ³i ká»¹,ÄÃ¡nh giÃ¡ vÃ o 2 nÄƒm trÆ°á»›cÄÃ£ dÃ¹ng 3 ngÃ y
Hoang Nguyen,ÄÃ£ tham gia 5 nÄƒm,"ÄÃ£ viáº¿t
6 ÄÃ¡nh giÃ¡",Cá»±c kÃ¬ hÃ i lÃ²ng,,,"SÃ¡ch Ä‘áº¹p, giao hÃ ng nhanh",ÄÃ¡nh giÃ¡ vÃ o 1 nÄƒm trÆ°á»›cÄÃ£ dÃ¹ng 1 giá»
Minh Nguyá»…n,ÄÃ£ tham gia 6 nÄƒm,"ÄÃ£ viáº¿t
66 ÄÃ¡nh giÃ¡",Cá»±c kÃ¬ hÃ i lÃ²ng,,,"Giao Ä‘áº§y Ä‘á»§, sÃ¡ch Ä‘áº¹p",ÄÃ¡nh giÃ¡ vÃ o 2 nÄƒm trÆ°á»›cÄÃ£ dÃ¹ng 7 giá»
Huá»³nh NgÃ¢n,ÄÃ£ tham gia 5 nÄƒm,"ÄÃ£ viáº¿t
7 ÄÃ¡nh giÃ¡",Cá»±c kÃ¬ hÃ i lÃ²ng,,,"Giao hÃ ng nháº¡n, sÃ¡ch Ä‘áº¹p, nhÆ°ng Ä‘Ã³ng gÃ³i chÆ°a Ä‘Æ°á»£c kÄ© láº¯m, hy vá»ng shop sáº½ kháº¯c phá»¥c â¤â¤",ÄÃ¡nh giÃ¡ vÃ o 2 nÄƒm trÆ°á»›cÄÃ£ dÃ¹ng 4 ngÃ y
Nguyá»…n Quang Minh,ÄÃ£ tham gia 6 nÄƒm,"ÄÃ£ viáº¿t
17 ÄÃ¡nh giÃ¡",Cá»±c kÃ¬ hÃ i lÃ²ng,,,"SÃ¡ch hay, giao nhanh Ä‘Ã³ng gÃ³i cáº©n tháº­n",ÄÃ¡nh giÃ¡ vÃ o 7 thÃ¡ng trÆ°á»›cÄÃ£ dÃ¹ng 6 giá»
Báº£o Ngá»c,ÄÃ£ tham gia 3 nÄƒm,"ÄÃ£ viáº¿t
9 ÄÃ¡nh giÃ¡",Cá»±c kÃ¬ hÃ i lÃ²ng,,,"Giao hÃ ng nhanh
SÃ¡ch hay",ÄÃ¡nh giÃ¡ vÃ o 1 nÄƒm trÆ°á»›cÄÃ£ dÃ¹ng 2 ngÃ y
Thuy TrÃ¢n,ÄÃ£ tham gia 5 nÄƒm,"ÄÃ£ viáº¿t
24 ÄÃ¡nh giÃ¡",Cá»±c kÃ¬ hÃ i lÃ²ng,,"In áº¥n/mÃ u sáº¯c rÃµ nÃ©t, Khá»• sÃ¡ch nhá» gá»n, dá»… mang Ä‘i, Ná»™i dung sÃ¡ch háº¥p dáº«n, bá»• Ã­ch, TrÃ¬nh bÃ y/Bá»‘ cá»¥c dá»… hiá»ƒu",Ráº¥t hay nha cho cÃ¡c báº¡n tráº» cáº¥p 2 Ä‘á»c ráº¥t tá»‘t,ÄÃ¡nh giÃ¡ vÃ o 10 thÃ¡ng trÆ°á»›cÄÃ£ dÃ¹ng 1 nÄƒm
Pháº¡m Äáº¡t,ÄÃ£ tham gia 3 nÄƒm,"ÄÃ£ viáº¿t
1 ÄÃ¡nh giÃ¡",Cá»±c kÃ¬ hÃ i lÃ²ng,,,Má»™t quyá»ƒn sÃ¡ch Ä‘Ã¡ng Ä‘á»ƒ xem vÃ  chiÃªm nghiá»‡m nhÃ©!,ÄÃ¡nh giÃ¡ vÃ o 2 nÄƒm trÆ°á»›cÄÃ£ dÃ¹ng 7 phÃºt
NhÆ° Pháº¡m,ÄÃ£ tham gia 2 nÄƒm,"ÄÃ£ viáº¿t
10 ÄÃ¡nh giÃ¡",Cá»±c kÃ¬ hÃ i lÃ²ng,,"In áº¥n/mÃ u sáº¯c rÃµ nÃ©t, Ná»™i dung sÃ¡ch háº¥p dáº«n, bá»• Ã­ch, TrÃ¬nh bÃ y/Bá»‘ cá»¥c dá»… hiá»ƒu","SÃ¡ch hay láº¯m, khÃ¡ dÃ y, nhma chung quy lÃ  Ä‘Ã¡ng giÃ¡ tiá»n, sÃ¡ch Ä‘c bá»c kÄ© nÃªn ko bá»‹ dáº­p gÃ³c nÃ¨âœ¨",ÄÃ¡nh giÃ¡ vÃ o 2 nÄƒm trÆ°á»›cÄÃ£ dÃ¹ng 1 thÃ¡ng
Háº£i DÆ°Æ¡ng,ÄÃ£ tham gia 2 nÄƒm,"ÄÃ£ viáº¿t
24 ÄÃ¡nh giÃ¡",Cá»±c kÃ¬ hÃ i lÃ²ng,,"In áº¥n/mÃ u sáº¯c rÃµ nÃ©t, Khá»• sÃ¡ch nhá» gá»n, dá»… mang Ä‘i, Ná»™i dung sÃ¡ch háº¥p dáº«n, bá»• Ã­ch, TrÃ¬nh bÃ y/Bá»‘ cá»¥c dá»… hiá»ƒu",hÃ ng mua táº·ng. báº¡n kia khÃ¡ thÃ­ch,ÄÃ¡nh giÃ¡ vÃ o 6 thÃ¡ng trÆ°á»›cÄÃ£ dÃ¹ng 1 thÃ¡ng
Tráº§n Há»“ HoÃ ng Ny,ÄÃ£ tham gia 3 nÄƒm,"ÄÃ£ viáº¿t
5 ÄÃ¡nh giÃ¡",Cá»±c kÃ¬ hÃ i lÃ²ng,,,"Ok 
SÃ¡ch nice sá»« nha",ÄÃ¡nh giÃ¡ vÃ o 1 nÄƒm trÆ°á»›cÄÃ£ dÃ¹ng 2 ngÃ y
QuÃ¡ch VÄƒn HÃ o HÃ¹ng,ÄÃ£ tham gia 6 nÄƒm,"ÄÃ£ viáº¿t
168 ÄÃ¡nh giÃ¡",Cá»±c kÃ¬ hÃ i lÃ²ng,,"In áº¥n/mÃ u sáº¯c rÃµ nÃ©t, Khá»• sÃ¡ch nhá» gá»n, dá»… mang Ä‘i, Ná»™i dung sÃ¡ch háº¥p dáº«n, bá»• Ã­ch, TrÃ¬nh bÃ y/Bá»‘ cá»¥c dá»… hiá»ƒu",SÃ¡ch hay vá»«a Ã½ cáº£m Æ¡n nhÃ  sÃ¡ch,ÄÃ¡nh giÃ¡ vÃ o 2 nÄƒm trÆ°á»›cÄÃ£ dÃ¹ng 1 thÃ¡ng
Dung HT,ÄÃ£ tham gia 4 nÄƒm,"ÄÃ£ viáº¿t
12 ÄÃ¡nh giÃ¡",Cá»±c kÃ¬ hÃ i lÃ²ng,,,,ÄÃ¡nh giÃ¡ vÃ o 1 nÄƒm trÆ°á»›cÄÃ£ dÃ¹ng 2 ngÃ y
Htn Rita,ÄÃ£ tham gia 4 nÄƒm,"ÄÃ£ viáº¿t
3 ÄÃ¡nh giÃ¡",Cá»±c kÃ¬ hÃ i lÃ²ng,,,Hay cÃ³ kiá»ƒm soÃ¡t lÃ  nhá»¯ng trÃ¡i bÃ³ng vÃ o Ä‘áº§u thÃ¡ng nÃ y cÃ³ hÃ ng chá»¥c triá»‡u tá»« tá»«,ÄÃ¡nh giÃ¡ vÃ o 2 nÄƒm trÆ°á»›cÄÃ£ dÃ¹ng 2 giá»
Le Minh Duc,ÄÃ£ tham gia 4 nÄƒm,"ÄÃ£ viáº¿t
259 ÄÃ¡nh giÃ¡",Cá»±c kÃ¬ hÃ i lÃ²ng,,,"Bá»c ká»¹ cÃ ng, Ä‘Ã³ng gÃ³i cáº©n tháº­n, hÃ ng Ä‘Ãºng mÃ´ táº£ & ship nhanh láº¯m",ÄÃ¡nh giÃ¡ vÃ o 1 nÄƒm trÆ°á»›cÄÃ£ dÃ¹ng 1 thÃ¡ng
Nhi NguyÃªÌƒn,ÄÃ£ tham gia 6 nÄƒm,"ÄÃ£ viáº¿t
46 ÄÃ¡nh giÃ¡",Cá»±c kÃ¬ hÃ i lÃ²ng,,,SÃ¡ch hay láº¯m mn nÃªn mua nhağŸ˜‡,ÄÃ¡nh giÃ¡ vÃ o 2 nÄƒm trÆ°á»›cÄÃ£ dÃ¹ng 6 giá»
Ãnh Ngá»c,ÄÃ£ tham gia 5 nÄƒm,"ÄÃ£ viáº¿t
43 ÄÃ¡nh giÃ¡",Cá»±c kÃ¬ hÃ i lÃ²ng,,,"SÃ¡ch hÆ¡i báº©n á»Ÿ bÃªn ngoÃ i nhÆ°ng váº«n táº©y Ä‘Æ°á»£c, so vá»›i giÃ¡ cáº£ thÃ¬ khÃ´ng pháº£i khuyáº¿t Ä‘iá»ƒm quÃ¡ lá»›n",ÄÃ¡nh giÃ¡ vÃ o 2 nÄƒm trÆ°á»›cÄÃ£ dÃ¹ng 5 ngÃ y
Nguyá»…n Thá»‹ Thanh Huyá»n,ÄÃ£ tham gia 4 nÄƒm,"ÄÃ£ viáº¿t
9 ÄÃ¡nh giÃ¡",Cá»±c kÃ¬ hÃ i lÃ²ng,,,"sáº£n pháº©m Ä‘áº¹p, ná»™i dung nghe review khÃ¡ hay",ÄÃ¡nh giÃ¡ vÃ o 2 nÄƒm trÆ°á»›cÄÃ£ dÃ¹ng 4 phÃºt
HÃ²a Pháº¡m,ÄÃ£ tham gia 2 nÄƒm,"ÄÃ£ viáº¿t
5 ÄÃ¡nh giÃ¡",Cá»±c kÃ¬ hÃ i lÃ²ng,,"In áº¥n/mÃ u sáº¯c rÃµ nÃ©t, Khá»• sÃ¡ch nhá» gá»n, dá»… mang Ä‘i, Ná»™i dung sÃ¡ch háº¥p dáº«n, bá»• Ã­ch, TrÃ¬nh bÃ y/Bá»‘ cá»¥c dá»… hiá»ƒu",Giao nhanh ká»¹ cÃ ng tá»‘t,ÄÃ¡nh giÃ¡ vÃ o 2 nÄƒm trÆ°á»›cÄÃ£ dÃ¹ng 1 thÃ¡ng
Trá»‹nh ThÆ¡m,ÄÃ£ tham gia 5 nÄƒm,"ÄÃ£ viáº¿t
3 ÄÃ¡nh giÃ¡",Cá»±c kÃ¬ hÃ i lÃ²ng,,,"SÃ¡ch Ä‘áº¹p, ná»™i dung chÆ°a biáº¿t ntn",ÄÃ¡nh giÃ¡ vÃ o 2 nÄƒm trÆ°á»›cÄÃ£ dÃ¹ng 1 ngÃ y
Nguyá»…n Thu PhÆ°Æ¡ng,ÄÃ£ tham gia 6 nÄƒm,"ÄÃ£ viáº¿t
23 ÄÃ¡nh giÃ¡",Cá»±c kÃ¬ hÃ i lÃ²ng,,,,ÄÃ¡nh giÃ¡ vÃ o 1 nÄƒm trÆ°á»›cÄÃ£ dÃ¹ng 3 giá»
Nguyá»…n TiÃªn,ÄÃ£ tham gia 5 nÄƒm,"ÄÃ£ viáº¿t
2 ÄÃ¡nh giÃ¡",Cá»±c kÃ¬ hÃ i lÃ²ng,,,"Giao sá»›m hÆ¡n dá»± Ä‘á»‹nh, sÃ¡ch Ä‘áº¹p, bá»c ká»¹ sÃ¡ch khÃ´ng tÃ¬ váº¿t luÃ´nğŸ¥°ğŸ¥°ğŸ¥°ğŸ¥°",ÄÃ¡nh giÃ¡ vÃ o 2 nÄƒm trÆ°á»›cÄÃ£ dÃ¹ng 3 giá»
Minh ChÃ¢u,ÄÃ£ tham gia 3 nÄƒm,"ÄÃ£ viáº¿t
98 ÄÃ¡nh giÃ¡",Cá»±c kÃ¬ hÃ i lÃ²ng,,,má»™t tÃ¡c pháº©m hay,ÄÃ¡nh giÃ¡ vÃ o 5 thÃ¡ng trÆ°á»›cÄÃ£ dÃ¹ng 1 thÃ¡ng
Tráº§n Ngá»c Anh ThÆ°,ÄÃ£ tham gia 9 nÄƒm,"ÄÃ£ viáº¿t
17 ÄÃ¡nh giÃ¡",Cá»±c kÃ¬ hÃ i lÃ²ng,,,,ÄÃ¡nh giÃ¡ vÃ o 25 ngÃ y trÆ°á»›cÄÃ£ dÃ¹ng 1 ngÃ y
Quá»‘c Trung LÃª,ÄÃ£ tham gia 5 nÄƒm,"ÄÃ£ viáº¿t
101 ÄÃ¡nh giÃ¡",Cá»±c kÃ¬ hÃ i lÃ²ng,,"In áº¥n/mÃ u sáº¯c rÃµ nÃ©t, Khá»• sÃ¡ch nhá» gá»n, dá»… mang Ä‘i, Ná»™i dung sÃ¡ch háº¥p dáº«n, bá»• Ã­ch, TrÃ¬nh bÃ y/Bá»‘ cá»¥c dá»… hiá»ƒu","Giáº¥y tá»‘t, in Ä‘áº¹p. PhÃ¢n tÃ­ch tÃ¢m lÃ½ á»Ÿ khÃ­a cáº¡nh gáº§n gÅ©i, dá»… hiá»ƒu. NÃªn Ä‘á»c",ÄÃ¡nh giÃ¡ vÃ o 2 nÄƒm trÆ°á»›cÄÃ£ dÃ¹ng 10 ngÃ y
Nguyá»…n Quá»‘c Minh Háº£i,ÄÃ£ tham gia 5 nÄƒm,"ÄÃ£ viáº¿t
5 ÄÃ¡nh giÃ¡",Cá»±c kÃ¬ hÃ i lÃ²ng,,"In áº¥n/mÃ u sáº¯c rÃµ nÃ©t, Ná»™i dung sÃ¡ch háº¥p dáº«n, bá»• Ã­ch, TrÃ¬nh bÃ y/Bá»‘ cá»¥c dá»… hiá»ƒu",SÃ¡ch ok,ÄÃ¡nh giÃ¡ vÃ o 1 nÄƒm trÆ°á»›cÄÃ£ dÃ¹ng 1 thÃ¡ng
Nguyá»…n Anh Nam,ÄÃ£ tham gia 7 nÄƒm,"ÄÃ£ viáº¿t
28 ÄÃ¡nh giÃ¡",Cá»±c kÃ¬ hÃ i lÃ²ng,,,,ÄÃ¡nh giÃ¡ vÃ o 1 thÃ¡ng trÆ°á»›cÄÃ£ dÃ¹ng 1 thÃ¡ng
LÃª Thu Dung,ÄÃ£ tham gia 6 nÄƒm,"ÄÃ£ viáº¿t
2 ÄÃ¡nh giÃ¡",Cá»±c kÃ¬ hÃ i lÃ²ng,,,sachd hay,ÄÃ¡nh giÃ¡ vÃ o 1 nÄƒm trÆ°á»›cÄÃ£ dÃ¹ng 9 phÃºt
Nguyá»…n Thanh Tuyáº¿n,ÄÃ£ tham gia 2 nÄƒm,"ÄÃ£ viáº¿t
1 ÄÃ¡nh giÃ¡",Cá»±c kÃ¬ hÃ i lÃ²ng,,,Cuá»‘n sÃ¡ch nÃ y ná»™i dung hay. Dá»… hiá»ƒu nhiá»u cÃ¢u ráº¥t cÃ³ Ã½ nghÄ©a. SÃ¡ch Ä‘áº¹p. Sáº¡ch. Giao nhanh.,ÄÃ¡nh giÃ¡ vÃ o 2 nÄƒm trÆ°á»›cÄÃ£ dÃ¹ng 1 thÃ¡ng
Huá»³nh LÃª VÃ¢n,ÄÃ£ tham gia 4 nÄƒm,"ÄÃ£ viáº¿t
9 ÄÃ¡nh giÃ¡",Cá»±c kÃ¬ hÃ i lÃ²ng,,,,ÄÃ¡nh giÃ¡ vÃ o 1 thÃ¡ng trÆ°á»›cÄÃ£ dÃ¹ng 2 ngÃ y
Pháº¡m Duy,ÄÃ£ tham gia 4 nÄƒm,"ÄÃ£ viáº¿t
1 ÄÃ¡nh giÃ¡",Cá»±c kÃ¬ hÃ i lÃ²ng,,"In áº¥n/mÃ u sáº¯c rÃµ nÃ©t, Khá»• sÃ¡ch nhá» gá»n, dá»… mang Ä‘i, Ná»™i dung sÃ¡ch háº¥p dáº«n, bá»• Ã­ch, TrÃ¬nh bÃ y/Bá»‘ cá»¥c dá»… hiá»ƒu",,ÄÃ¡nh giÃ¡ vÃ o 2 thÃ¡ng trÆ°á»›cÄÃ£ dÃ¹ng 2 thÃ¡ng
Yoga Thanh Moc,ÄÃ£ tham gia 2 nÄƒm,"ÄÃ£ viáº¿t
11 ÄÃ¡nh giÃ¡",Cá»±c kÃ¬ hÃ i lÃ²ng,,"In áº¥n/mÃ u sáº¯c rÃµ nÃ©t, Khá»• sÃ¡ch nhá» gá»n, dá»… mang Ä‘i, Ná»™i dung sÃ¡ch háº¥p dáº«n, bá»• Ã­ch, TrÃ¬nh bÃ y/Bá»‘ cá»¥c dá»… hiá»ƒu",SÃ¡ch hay,ÄÃ¡nh giÃ¡ vÃ o 1 nÄƒm trÆ°á»›cÄÃ£ dÃ¹ng 4 thÃ¡ng
VÅ© Thá»‹ ThuÃ½ HoÃ i,ÄÃ£ tham gia 5 nÄƒm,"ÄÃ£ viáº¿t
14 ÄÃ¡nh giÃ¡",Cá»±c kÃ¬ hÃ i lÃ²ng,,,,ÄÃ¡nh giÃ¡ vÃ o 2 thÃ¡ng trÆ°á»›cÄÃ£ dÃ¹ng 3 thÃ¡ng
Viá»‡t Nguyá»…n,ÄÃ£ tham gia 2 nÄƒm,"ÄÃ£ viáº¿t
10 ÄÃ¡nh giÃ¡",Cá»±c kÃ¬ hÃ i lÃ²ng,,,CÅ©m á»•n,ÄÃ¡nh giÃ¡ vÃ o 1 nÄƒm trÆ°á»›cÄÃ£ dÃ¹ng 4 phÃºt
Nguyá»…n Thá»‹ Kiá»u Oanh,ÄÃ£ tham gia 5 nÄƒm,"ÄÃ£ viáº¿t
9 ÄÃ¡nh giÃ¡",Cá»±c kÃ¬ hÃ i lÃ²ng,,,,ÄÃ¡nh giÃ¡ vÃ o 2 thÃ¡ng trÆ°á»›cÄÃ£ dÃ¹ng 1 ngÃ y
LÃª Kháº£ LÄ©nh,ÄÃ£ tham gia 4 nÄƒm,"ÄÃ£ viáº¿t
4 ÄÃ¡nh giÃ¡",Cá»±c kÃ¬ hÃ i lÃ²ng,,,"Ná»™i dung sÃ¡ch háº¥p dáº«n, cuá»‘n hÃºtğŸ¤”
SÃ¡ch Ä‘Ã³ng gÃ³i á»•n khÃ´ng váº¥n Ä‘á» gÃ¬",ÄÃ¡nh giÃ¡ vÃ o 2 nÄƒm trÆ°á»›cÄÃ£ dÃ¹ng 7 giá»
Ká»‰n,ÄÃ£ tham gia 7 nÄƒm,"ÄÃ£ viáº¿t
33 ÄÃ¡nh giÃ¡",Cá»±c kÃ¬ hÃ i lÃ²ng,,,"Má»›i Ä‘á»c Ä‘Æ°á»£c vÃ i chÆ°Æ¡ng! NÃ³i Ä‘Ãºng thá»±c táº¿ xÃ£ há»™i! 
Ráº¥t thiáº¿t thá»±c dá»… hiá»ƒu!",ÄÃ¡nh giÃ¡ vÃ o 2 nÄƒm trÆ°á»›cÄÃ£ dÃ¹ng 4 ngÃ y
Nguyá»…n Há»¯u Háº¡n,ÄÃ£ tham gia 7 nÄƒm,"ÄÃ£ viáº¿t
17 ÄÃ¡nh giÃ¡",Cá»±c kÃ¬ hÃ i lÃ²ng,,,,ÄÃ¡nh giÃ¡ vÃ o 2 thÃ¡ng trÆ°á»›cÄÃ£ dÃ¹ng 1 thÃ¡ng
MAN GIANG,ÄÃ£ tham gia 6 nÄƒm,"ÄÃ£ viáº¿t
14 ÄÃ¡nh giÃ¡",Cá»±c kÃ¬ hÃ i lÃ²ng,,,Tá»‘t,ÄÃ¡nh giÃ¡ vÃ o 3 thÃ¡ng trÆ°á»›cÄÃ£ dÃ¹ng 1 giá»
VÃµ Thá»‹ Kim NgÃ¢n,ÄÃ£ tham gia 5 nÄƒm,"ÄÃ£ viáº¿t
16 ÄÃ¡nh giÃ¡",Cá»±c kÃ¬ hÃ i lÃ²ng,,,,ÄÃ¡nh giÃ¡ vÃ o 2 thÃ¡ng trÆ°á»›cÄÃ£ dÃ¹ng 1 thÃ¡ng
Huá»³nh Ngá»c An,ÄÃ£ tham gia 3 nÄƒm,"ÄÃ£ viáº¿t
25 ÄÃ¡nh giÃ¡",Cá»±c kÃ¬ hÃ i lÃ²ng,,,hay,ÄÃ¡nh giÃ¡ vÃ o 1 nÄƒm trÆ°á»›cÄÃ£ dÃ¹ng 9 giá»
Hieu Le,ÄÃ£ tham gia 11 nÄƒm,"ÄÃ£ viáº¿t
751 ÄÃ¡nh giÃ¡",Cá»±c kÃ¬ hÃ i lÃ²ng,,,,ÄÃ¡nh giÃ¡ vÃ o 2 thÃ¡ng trÆ°á»›cÄÃ£ dÃ¹ng 4 thÃ¡ng
Nguyá»…n Trung HoÃ ng,ÄÃ£ tham gia 5 nÄƒm,"ÄÃ£ viáº¿t
7 ÄÃ¡nh giÃ¡",Cá»±c kÃ¬ hÃ i lÃ²ng,,,"Giao ráº¥t nhanh,cháº¥t lÆ°á»£ng tá»‘t",ÄÃ¡nh giÃ¡ vÃ o 9 thÃ¡ng trÆ°á»›cÄÃ£ dÃ¹ng 2 giá»
Táº¡ Äá»©c Huy,ÄÃ£ tham gia 6 nÄƒm,"ÄÃ£ viáº¿t
27 ÄÃ¡nh giÃ¡",Cá»±c kÃ¬ hÃ i lÃ²ng,,,,ÄÃ¡nh giÃ¡ vÃ o 2 thÃ¡ng trÆ°á»›cÄÃ£ dÃ¹ng 4 thÃ¡ng
Há»“ng Láº¡c,ÄÃ£ tham gia 2 nÄƒm,"ÄÃ£ viáº¿t
2 ÄÃ¡nh giÃ¡",Cá»±c kÃ¬ hÃ i lÃ²ng,,,Tá»‘t,ÄÃ¡nh giÃ¡ vÃ o 1 nÄƒm trÆ°á»›cÄÃ£ dÃ¹ng 6 giá»
Kháº¯c Duy,ÄÃ£ tham gia 5 nÄƒm,"ÄÃ£ viáº¿t
24 ÄÃ¡nh giÃ¡",Cá»±c kÃ¬ hÃ i lÃ²ng,,,"Giao HÃ ng Nhanh, SÃ¡ch cá»±c ká»³ Ä‘áº¹p vÃ  khÃ´ng bá»‹ hÆ° há»ng. NhÃ¢n ViÃªn ThÃ¢n Thiá»‡n.",ÄÃ¡nh giÃ¡ vÃ o 2 nÄƒm trÆ°á»›cÄÃ£ dÃ¹ng 2 ngÃ y
Tráº§n ThÃ nh Trung,ÄÃ£ tham gia 7 nÄƒm,"ÄÃ£ viáº¿t
9 ÄÃ¡nh giÃ¡",Cá»±c kÃ¬ hÃ i lÃ²ng,,"In áº¥n/mÃ u sáº¯c rÃµ nÃ©t, Khá»• sÃ¡ch nhá» gá»n, dá»… mang Ä‘i, Ná»™i dung sÃ¡ch háº¥p dáº«n, bá»• Ã­ch, TrÃ¬nh bÃ y/Bá»‘ cá»¥c dá»… hiá»ƒu","ÄÃ³ng gÃ³i cáº©n tháº­n , cháº¥t liá»‡u giáº¥y tá»‘t",ÄÃ¡nh giÃ¡ vÃ o 1 nÄƒm trÆ°á»›cÄÃ£ dÃ¹ng 3 thÃ¡ng
Äáº¡i Pháº¡m,ÄÃ£ tham gia 5 nÄƒm,"ÄÃ£ viáº¿t
13 ÄÃ¡nh giÃ¡",Cá»±c kÃ¬ hÃ i lÃ²ng,,,,ÄÃ¡nh giÃ¡ vÃ o 2 thÃ¡ng trÆ°á»›cÄÃ£ dÃ¹ng 6 giá»
Nguyá»…n HÃ ,ÄÃ£ tham gia 3 nÄƒm,"ÄÃ£ viáº¿t
10 ÄÃ¡nh giÃ¡",Cá»±c kÃ¬ hÃ i lÃ²ng,,,"SÃ¡ch má»›i, chá»¯ in dá»… Ä‘á»c. Giao hÃ ng nhanh hÆ¡n dá»± kiáº¿n. Dá»‹ch vá»¥ cá»§a tiki ráº¥t tá»‘t.",ÄÃ¡nh giÃ¡ vÃ o 2 nÄƒm trÆ°á»›cÄÃ£ dÃ¹ng 2 giá»
Nam TC,ÄÃ£ tham gia khÃ´ng xÃ¡c Ä‘á»‹nh,"ÄÃ£ viáº¿t
12 ÄÃ¡nh giÃ¡",Cá»±c kÃ¬ hÃ i lÃ²ng,,,"SÃ¡ch hay, giao hÃ ng nhanh, má»›i Ä‘áº·t mÃ  hÃ´m sau Ä‘Ã£ cÃ³ !",ÄÃ¡nh giÃ¡ vÃ o 1 nÄƒm trÆ°á»›cÄÃ£ dÃ¹ng 1 giá»
LÆ°Æ¡ng Há»¯u Quyáº¿t,ÄÃ£ tham gia 5 nÄƒm,"ÄÃ£ viáº¿t
13 ÄÃ¡nh giÃ¡",Cá»±c kÃ¬ hÃ i lÃ²ng,,"In áº¥n/mÃ u sáº¯c rÃµ nÃ©t, Khá»• sÃ¡ch nhá» gá»n, dá»… mang Ä‘i, Ná»™i dung sÃ¡ch háº¥p dáº«n, bá»• Ã­ch, TrÃ¬nh bÃ y/Bá»‘ cá»¥c dá»… hiá»ƒu",Hay luÃ´n,ÄÃ¡nh giÃ¡ vÃ o 4 thÃ¡ng trÆ°á»›cÄÃ£ dÃ¹ng 1 thÃ¡ng
Subi Nhi,ÄÃ£ tham gia 6 nÄƒm,"ÄÃ£ viáº¿t
2 ÄÃ¡nh giÃ¡",Cá»±c kÃ¬ hÃ i lÃ²ng,,,Giao hÃ ng nhanh lÃ©m. ÄÃ³ng gÃ³i cháº¯c cháº¯n,ÄÃ¡nh giÃ¡ vÃ o 1 nÄƒm trÆ°á»›cÄÃ£ dÃ¹ng 7 phÃºt
VÃµ ThÃ¡i Thuáº­n,ÄÃ£ tham gia 9 nÄƒm,"ÄÃ£ viáº¿t
88 ÄÃ¡nh giÃ¡",Cá»±c kÃ¬ hÃ i lÃ²ng,,,Há»¯u Ã­ch,ÄÃ¡nh giÃ¡ vÃ o 2 nÄƒm trÆ°á»›cÄÃ£ dÃ¹ng 12 ngÃ y
Thao Nguyen,ÄÃ£ tham gia 7 nÄƒm,"ÄÃ£ viáº¿t
3 ÄÃ¡nh giÃ¡",Cá»±c kÃ¬ hÃ i lÃ²ng,,,,ÄÃ¡nh giÃ¡ vÃ o 1 nÄƒm trÆ°á»›cÄÃ£ dÃ¹ng 1 ngÃ y
Tá»‹nh TÃ¢m,ÄÃ£ tham gia 5 nÄƒm,"ÄÃ£ viáº¿t
48 ÄÃ¡nh giÃ¡",Cá»±c kÃ¬ hÃ i lÃ²ng,,,MÃ¬nh má»›i mua vÃ  Ä‘ang Ä‘á»c theo mÃ¬nh tháº¥y ráº¥t hay . Sáº½ á»§ng há»™ shop lÃ¢u dÃ i â˜ºï¸,ÄÃ¡nh giÃ¡ vÃ o 2 nÄƒm trÆ°á»›cÄÃ£ dÃ¹ng 2 ngÃ y
DÆ¯Æ NG Má»¸ TIÃŠN,ÄÃ£ tham gia 5 nÄƒm,"ÄÃ£ viáº¿t
16 ÄÃ¡nh giÃ¡",Cá»±c kÃ¬ hÃ i lÃ²ng,,,,ÄÃ¡nh giÃ¡ vÃ o 3 thÃ¡ng trÆ°á»›cÄÃ£ dÃ¹ng 1 thÃ¡ng
Kim Tuyáº¿n,ÄÃ£ tham gia 5 nÄƒm,"ÄÃ£ viáº¿t
130 ÄÃ¡nh giÃ¡",Cá»±c kÃ¬ hÃ i lÃ²ng,,,.,ÄÃ¡nh giÃ¡ vÃ o 3 thÃ¡ng trÆ°á»›cÄÃ£ dÃ¹ng 3 thÃ¡ng
Huyá»n TrÆ°Æ¡ng,ÄÃ£ tham gia 7 nÄƒm,"ÄÃ£ viáº¿t
1 ÄÃ¡nh giÃ¡",Cá»±c kÃ¬ hÃ i lÃ²ng,,,1 cuá»‘n sÃ¡ch cÃ³ sá»± lÃ´i cuá»‘n,ÄÃ¡nh giÃ¡ vÃ o 2 nÄƒm trÆ°á»›cÄÃ£ dÃ¹ng 1 ngÃ y
Vy Nguyá»…n,ÄÃ£ tham gia 3 nÄƒm,"ÄÃ£ viáº¿t
11 ÄÃ¡nh giÃ¡",Cá»±c kÃ¬ hÃ i lÃ²ng,,"In áº¥n/mÃ u sáº¯c rÃµ nÃ©t, Khá»• sÃ¡ch nhá» gá»n, dá»… mang Ä‘i, Ná»™i dung sÃ¡ch háº¥p dáº«n, bá»• Ã­ch, TrÃ¬nh bÃ y/Bá»‘ cá»¥c dá»… hiá»ƒu","Ráº¥t Ä‘áº¹p, sÃ¡ch má»›i",ÄÃ¡nh giÃ¡ vÃ o 2 nÄƒm trÆ°á»›cÄÃ£ dÃ¹ng 1 thÃ¡ng
Ramos ÄÃ­nh,ÄÃ£ tham gia 3 nÄƒm,"ÄÃ£ viáº¿t
28 ÄÃ¡nh giÃ¡",Cá»±c kÃ¬ hÃ i lÃ²ng,,"In áº¥n/mÃ u sáº¯c rÃµ nÃ©t, Khá»• sÃ¡ch nhá» gá»n, dá»… mang Ä‘i, Ná»™i dung sÃ¡ch háº¥p dáº«n, bá»• Ã­ch, TrÃ¬nh bÃ y/Bá»‘ cá»¥c dá»… hiá»ƒu",SÃ¡ch hay láº¯m mn áº¡ nÃªn mua nha sáº½ giÃºp Ã­ch cho mn nhiá»u trong cuá»™c sá»‘ng áº¡,ÄÃ¡nh giÃ¡ vÃ o 2 nÄƒm trÆ°á»›cÄÃ£ dÃ¹ng 1 thÃ¡ng
An Phan,ÄÃ£ tham gia 4 nÄƒm,"ÄÃ£ viáº¿t
5 ÄÃ¡nh giÃ¡",Cá»±c kÃ¬ hÃ i lÃ²ng,,,,ÄÃ¡nh giÃ¡ vÃ o 3 thÃ¡ng trÆ°á»›cÄÃ£ dÃ¹ng 2 thÃ¡ng
Truc Linh,ÄÃ£ tham gia 3 nÄƒm,"ÄÃ£ viáº¿t
29 ÄÃ¡nh giÃ¡",Cá»±c kÃ¬ hÃ i lÃ²ng,,,,ÄÃ¡nh giÃ¡ vÃ o 3 thÃ¡ng trÆ°á»›cÄÃ£ dÃ¹ng 1 thÃ¡ng
Tháº£o NguyÃªn,ÄÃ£ tham gia 2 nÄƒm,"ÄÃ£ viáº¿t
2 ÄÃ¡nh giÃ¡",Cá»±c kÃ¬ hÃ i lÃ²ng,,"BÃ¬a Ä‘áº¹p, báº¯t máº¯t, cháº¥t lÆ°á»£ng giáº¥y tá»‘t, in áº¥n/mÃ u sáº¯c rÃµ nÃ©t, Khá»• sÃ¡ch nhá» gá»n, dá»… mang Ä‘i",Ráº¥t hÃ i lÃ²ng sáº½ á»§ng há»™,ÄÃ¡nh giÃ¡ vÃ o 2 nÄƒm trÆ°á»›cÄÃ£ dÃ¹ng 4 giá»
VÃµ Tuáº¥n Kiá»‡t,ÄÃ£ tham gia 6 nÄƒm,"ÄÃ£ viáº¿t
21 ÄÃ¡nh giÃ¡",Cá»±c kÃ¬ hÃ i lÃ²ng,,"In áº¥n/mÃ u sáº¯c rÃµ nÃ©t, Khá»• sÃ¡ch nhá» gá»n, dá»… mang Ä‘i, Ná»™i dung sÃ¡ch háº¥p dáº«n, bá»• Ã­ch, TrÃ¬nh bÃ y/Bá»‘ cá»¥c dá»… hiá»ƒu",Ná»™i dung hay. MÃ¬nh há»c Ä‘Æ°á»c nhiá»u Ä‘iá»u bá»• Ã­t.,ÄÃ¡nh giÃ¡ vÃ o 1 nÄƒm trÆ°á»›cÄÃ£ dÃ¹ng 1 thÃ¡ng
Su Su,ÄÃ£ tham gia 5 nÄƒm,"ÄÃ£ viáº¿t
24 ÄÃ¡nh giÃ¡",Cá»±c kÃ¬ hÃ i lÃ²ng,,,,ÄÃ¡nh giÃ¡ vÃ o 1 nÄƒm trÆ°á»›cÄÃ£ dÃ¹ng 1 ngÃ y
Minh Nga,ÄÃ£ tham gia 5 nÄƒm,"ÄÃ£ viáº¿t
4 ÄÃ¡nh giÃ¡",Cá»±c kÃ¬ hÃ i lÃ²ng,,,,ÄÃ¡nh giÃ¡ vÃ o 4 thÃ¡ng trÆ°á»›cÄÃ£ dÃ¹ng 1 thÃ¡ng
V Phi Long,ÄÃ£ tham gia 4 nÄƒm,"ÄÃ£ viáº¿t
5 ÄÃ¡nh giÃ¡",Cá»±c kÃ¬ hÃ i lÃ²ng,,,Äáº¹p,ÄÃ¡nh giÃ¡ vÃ o 2 nÄƒm trÆ°á»›cÄÃ£ dÃ¹ng 25 phÃºt
DÆ°Æ¡ng Mai LiÃªn,ÄÃ£ tham gia 6 nÄƒm,"ÄÃ£ viáº¿t
6 ÄÃ¡nh giÃ¡",Cá»±c kÃ¬ hÃ i lÃ²ng,,,Giao nhanh sÃ¡ch Ä‘áº¹p hÃ ng cháº¥t lÆ°á»£ng,ÄÃ¡nh giÃ¡ vÃ o 1 nÄƒm trÆ°á»›cÄÃ£ dÃ¹ng 28 phÃºt
Linh VÅ©,ÄÃ£ tham gia 3 nÄƒm,"ÄÃ£ viáº¿t
2 ÄÃ¡nh giÃ¡",Cá»±c kÃ¬ hÃ i lÃ²ng,,,,ÄÃ¡nh giÃ¡ vÃ o 4 thÃ¡ng trÆ°á»›cÄÃ£ dÃ¹ng 2 giá»
VÃµ Thá»‹ CÃºc,ÄÃ£ tham gia 6 nÄƒm,"ÄÃ£ viáº¿t
1 ÄÃ¡nh giÃ¡",Cá»±c kÃ¬ hÃ i lÃ²ng,,,,ÄÃ¡nh giÃ¡ vÃ o 4 thÃ¡ng trÆ°á»›cÄÃ£ dÃ¹ng 2 thÃ¡ng
Nguyá»…n PhÆ°á»›c An,ÄÃ£ tham gia 6 nÄƒm,"ÄÃ£ viáº¿t
30 ÄÃ¡nh giÃ¡",Cá»±c kÃ¬ hÃ i lÃ²ng,,,giao nhanh,ÄÃ¡nh giÃ¡ vÃ o 2 nÄƒm trÆ°á»›cÄÃ£ dÃ¹ng 5 ngÃ y
Viá»‡t HÃ  Pháº¡m,ÄÃ£ tham gia 4 nÄƒm,"ÄÃ£ viáº¿t
24 ÄÃ¡nh giÃ¡",Cá»±c kÃ¬ hÃ i lÃ²ng,,,,ÄÃ¡nh giÃ¡ vÃ o 4 thÃ¡ng trÆ°á»›cÄÃ£ dÃ¹ng 1 thÃ¡ng
ThÃ nh Tráº§n,ÄÃ£ tham gia 4 nÄƒm,"ÄÃ£ viáº¿t
3 ÄÃ¡nh giÃ¡",Cá»±c kÃ¬ hÃ i lÃ²ng,,,,ÄÃ¡nh giÃ¡ vÃ o 4 thÃ¡ng trÆ°á»›cÄÃ£ dÃ¹ng 5 ngÃ y
Tran Hang,ÄÃ£ tham gia 9 nÄƒm,"ÄÃ£ viáº¿t
15 ÄÃ¡nh giÃ¡",Cá»±c kÃ¬ hÃ i lÃ²ng,,,,ÄÃ¡nh giÃ¡ vÃ o 4 thÃ¡ng trÆ°á»›cÄÃ£ dÃ¹ng 5 ngÃ y
Hoang Truc,ÄÃ£ tham gia 2 nÄƒm,"ÄÃ£ viáº¿t
3 ÄÃ¡nh giÃ¡",Cá»±c kÃ¬ hÃ i lÃ²ng,,"In áº¥n/mÃ u sáº¯c rÃµ nÃ©t, Khá»• sÃ¡ch nhá» gá»n, dá»… mang Ä‘i, Ná»™i dung sÃ¡ch háº¥p dáº«n, bá»• Ã­ch, TrÃ¬nh bÃ y/Bá»‘ cá»¥c dá»… hiá»ƒu",,ÄÃ¡nh giÃ¡ vÃ o 2 nÄƒm trÆ°á»›cÄÃ£ dÃ¹ng 2 thÃ¡ng
Nguyá»…n Thá»‹ Hiá»n Thá»¥c,ÄÃ£ tham gia 5 thÃ¡ng,"ÄÃ£ viáº¿t
2 ÄÃ¡nh giÃ¡",Cá»±c kÃ¬ hÃ i lÃ²ng,,,,ÄÃ¡nh giÃ¡ vÃ o 4 thÃ¡ng trÆ°á»›cÄÃ£ dÃ¹ng 3 ngÃ y
Nguyá»…n Ngá»c DuyÃªn,ÄÃ£ tham gia 5 nÄƒm,"ÄÃ£ viáº¿t
44 ÄÃ¡nh giÃ¡",Cá»±c kÃ¬ hÃ i lÃ²ng,,,Ok,ÄÃ¡nh giÃ¡ vÃ o 2 nÄƒm trÆ°á»›cÄÃ£ dÃ¹ng 5 ngÃ y
LÃª Má»¹ PhÆ°á»£ng,ÄÃ£ tham gia 8 nÄƒm,"ÄÃ£ viáº¿t
74 ÄÃ¡nh giÃ¡",Cá»±c kÃ¬ hÃ i lÃ²ng,,"In áº¥n/mÃ u sáº¯c rÃµ nÃ©t, Khá»• sÃ¡ch nhá» gá»n, dá»… mang Ä‘i, Ná»™i dung sÃ¡ch háº¥p dáº«n, bá»• Ã­ch, TrÃ¬nh bÃ y/Bá»‘ cá»¥c dá»… hiá»ƒu",,ÄÃ¡nh giÃ¡ vÃ o 5 thÃ¡ng trÆ°á»›cÄÃ£ dÃ¹ng 3 thÃ¡ng
LiÃªng Hiáº¿u,ÄÃ£ tham gia 2 nÄƒm,"ÄÃ£ viáº¿t
12 ÄÃ¡nh giÃ¡",Cá»±c kÃ¬ hÃ i lÃ²ng,,"In áº¥n/mÃ u sáº¯c rÃµ nÃ©t, Khá»• sÃ¡ch nhá» gá»n, dá»… mang Ä‘i, Ná»™i dung sÃ¡ch háº¥p dáº«n, bá»• Ã­ch, TrÃ¬nh bÃ y/Bá»‘ cá»¥c dá»… hiá»ƒu",SÃ¡ch má»›i. Äáº¹p. NhÆ°ng pháº§n bÃ¬a sÃ¡ch lÃ m váº«n chÆ°a tá»‘t!,ÄÃ¡nh giÃ¡ vÃ o 1 nÄƒm trÆ°á»›cÄÃ£ dÃ¹ng 1 thÃ¡ng
Nguyá»…n CÃ´ng Äá»©c,ÄÃ£ tham gia 8 nÄƒm,"ÄÃ£ viáº¿t
227 ÄÃ¡nh giÃ¡",Cá»±c kÃ¬ hÃ i lÃ²ng,,,Ok,ÄÃ¡nh giÃ¡ vÃ o 2 nÄƒm trÆ°á»›cÄÃ£ dÃ¹ng 2 ngÃ y
Thanh Thanh,ÄÃ£ tham gia 7 nÄƒm,"ÄÃ£ viáº¿t
9 ÄÃ¡nh giÃ¡",Cá»±c kÃ¬ hÃ i lÃ²ng,,,,ÄÃ¡nh giÃ¡ vÃ o 5 thÃ¡ng trÆ°á»›cÄÃ£ dÃ¹ng 3 phÃºt
Dung Nguyá»…n,ÄÃ£ tham gia 4 nÄƒm,"ÄÃ£ viáº¿t
26 ÄÃ¡nh giÃ¡",Cá»±c kÃ¬ hÃ i lÃ²ng,,,,ÄÃ¡nh giÃ¡ vÃ o 2 nÄƒm trÆ°á»›cÄÃ£ dÃ¹ng 3 giá»
Tráº§n NghÄ©a,ÄÃ£ tham gia 4 nÄƒm,"ÄÃ£ viáº¿t
29 ÄÃ¡nh giÃ¡",Cá»±c kÃ¬ hÃ i lÃ²ng,,"Khá»• sÃ¡ch nhá» gá»n, dá»… mang Ä‘i, Ná»™i dung sÃ¡ch háº¥p dáº«n, bá»• Ã­ch",SÃ¡ch Ä‘áº¹p láº¯m,ÄÃ¡nh giÃ¡ vÃ o 2 nÄƒm trÆ°á»›cÄÃ£ dÃ¹ng 1 giá»
Thai Hoa,ÄÃ£ tham gia 2 nÄƒm,"ÄÃ£ viáº¿t
4 ÄÃ¡nh giÃ¡",Cá»±c kÃ¬ hÃ i lÃ²ng,,,CÃ¡ch nhÃ¬n nháº­n khÃ¡c vÃ  suy nghÄ© khÃ¡c!,ÄÃ¡nh giÃ¡ vÃ o 1 nÄƒm trÆ°á»›cÄÃ£ dÃ¹ng 4 thÃ¡ng
Nguyá»…n NhÃ¢n,ÄÃ£ tham gia 6 nÄƒm,"ÄÃ£ viáº¿t
4 ÄÃ¡nh giÃ¡",Cá»±c kÃ¬ hÃ i lÃ²ng,,,,ÄÃ¡nh giÃ¡ vÃ o 5 thÃ¡ng trÆ°á»›cÄÃ£ dÃ¹ng 2 phÃºt
Kim KhÃ¡nh,ÄÃ£ tham gia 2 nÄƒm,"ÄÃ£ viáº¿t
24 ÄÃ¡nh giÃ¡",Cá»±c kÃ¬ hÃ i lÃ²ng,,,,ÄÃ¡nh giÃ¡ vÃ o 5 thÃ¡ng trÆ°á»›cÄÃ£ dÃ¹ng 4 giá»
VÃµ PhÆ°á»›c HÆ°ng,ÄÃ£ tham gia 7 nÄƒm,"ÄÃ£ viáº¿t
75 ÄÃ¡nh giÃ¡",Cá»±c kÃ¬ hÃ i lÃ²ng,,,,ÄÃ¡nh giÃ¡ vÃ o 5 thÃ¡ng trÆ°á»›cÄÃ£ dÃ¹ng 7 ngÃ y
Hong Hai,ÄÃ£ tham gia 3 nÄƒm,"ÄÃ£ viáº¿t
13 ÄÃ¡nh giÃ¡",Cá»±c kÃ¬ hÃ i lÃ²ng,,,,ÄÃ¡nh giÃ¡ vÃ o 5 thÃ¡ng trÆ°á»›cÄÃ£ dÃ¹ng 1 thÃ¡ng
Dung Nguyen,ÄÃ£ tham gia 6 nÄƒm,"ÄÃ£ viáº¿t
2 ÄÃ¡nh giÃ¡",Cá»±c kÃ¬ hÃ i lÃ²ng,,,"mua dá»‹p cuá»‘i nÄƒm sale 50% Ä‘Æ°á»£c giÃ¡ khÃ¡ há»i, giao hÃ nh nhanh",ÄÃ¡nh giÃ¡ vÃ o 2 nÄƒm trÆ°á»›cÄÃ£ dÃ¹ng 1 ngÃ y
Tuáº¥n LÃª,ÄÃ£ tham gia 6 nÄƒm,"ÄÃ£ viáº¿t
165 ÄÃ¡nh giÃ¡",Cá»±c kÃ¬ hÃ i lÃ²ng,,,,ÄÃ¡nh giÃ¡ vÃ o 5 thÃ¡ng trÆ°á»›cÄÃ£ dÃ¹ng 1 giá»
Tuáº¥n Anh,ÄÃ£ tham gia 5 nÄƒm,"ÄÃ£ viáº¿t
7 ÄÃ¡nh giÃ¡",Cá»±c kÃ¬ hÃ i lÃ²ng,,"In áº¥n/mÃ u sáº¯c rÃµ nÃ©t, Khá»• sÃ¡ch nhá» gá»n, dá»… mang Ä‘i, Ná»™i dung sÃ¡ch háº¥p dáº«n, bá»• Ã­ch, TrÃ¬nh bÃ y/Bá»‘ cá»¥c dá»… hiá»ƒu",,ÄÃ¡nh giÃ¡ vÃ o 5 thÃ¡ng trÆ°á»›cÄÃ£ dÃ¹ng 3 thÃ¡ng
Tráº§n Lingu,ÄÃ£ tham gia 11 nÄƒm,"ÄÃ£ viáº¿t
23 ÄÃ¡nh giÃ¡",Cá»±c kÃ¬ hÃ i lÃ²ng,,,Good,ÄÃ¡nh giÃ¡ vÃ o 2 nÄƒm trÆ°á»›cÄÃ£ dÃ¹ng 2 giá»
Thien Nguyen,ÄÃ£ tham gia 6 nÄƒm,"ÄÃ£ viáº¿t
2 ÄÃ¡nh giÃ¡",Cá»±c kÃ¬ hÃ i lÃ²ng,,"In áº¥n/mÃ u sáº¯c rÃµ nÃ©t, Khá»• sÃ¡ch nhá» gá»n, dá»… mang Ä‘i, Ná»™i dung sÃ¡ch háº¥p dáº«n, bá»• Ã­ch, TrÃ¬nh bÃ y/Bá»‘ cá»¥c dá»… hiá»ƒu",,ÄÃ¡nh giÃ¡ vÃ o 6 thÃ¡ng trÆ°á»›cÄÃ£ dÃ¹ng 1 thÃ¡ng
Lien Nguyen,ÄÃ£ tham gia 3 nÄƒm,"ÄÃ£ viáº¿t
13 ÄÃ¡nh giÃ¡",Cá»±c kÃ¬ hÃ i lÃ²ng,,,,ÄÃ¡nh giÃ¡ vÃ o 6 thÃ¡ng trÆ°á»›cÄÃ£ dÃ¹ng 11 ngÃ y
LÃª VÄƒn DÃ¹ng,ÄÃ£ tham gia 4 nÄƒm,"ÄÃ£ viáº¿t
7 ÄÃ¡nh giÃ¡",Cá»±c kÃ¬ hÃ i lÃ²ng,,,"Ä‘Ã³ng gÃ³i sÆ¡ xÃ i, mÃ  tá»™i a shipper thiá»‡t, 9h Ä‘Ãªm cÃ²n Ä‘i giao hÃ ng",ÄÃ¡nh giÃ¡ vÃ o 2 nÄƒm trÆ°á»›cÄÃ£ dÃ¹ng 8 giá»
Huá»³nh Thá»‹ Anh ThÆ°,ÄÃ£ tham gia 4 nÄƒm,"ÄÃ£ viáº¿t
3 ÄÃ¡nh giÃ¡",Cá»±c kÃ¬ hÃ i lÃ²ng,,,,ÄÃ¡nh giÃ¡ vÃ o 6 thÃ¡ng trÆ°á»›cÄÃ£ dÃ¹ng 8 giá»
Danh Pháº¡m,ÄÃ£ tham gia 1 nÄƒm,"ÄÃ£ viáº¿t
1 ÄÃ¡nh giÃ¡",Cá»±c kÃ¬ hÃ i lÃ²ng,,"In áº¥n/mÃ u sáº¯c rÃµ nÃ©t, Khá»• sÃ¡ch nhá» gá»n, dá»… mang Ä‘i, Ná»™i dung sÃ¡ch háº¥p dáº«n, bá»• Ã­ch, TrÃ¬nh bÃ y/Bá»‘ cá»¥c dá»… hiá»ƒu",,ÄÃ¡nh giÃ¡ vÃ o 6 thÃ¡ng trÆ°á»›cÄÃ£ dÃ¹ng 4 thÃ¡ng
Huá»³nh Táº¥n TÃ i,ÄÃ£ tham gia 5 nÄƒm,"ÄÃ£ viáº¿t
7 ÄÃ¡nh giÃ¡",Cá»±c kÃ¬ hÃ i lÃ²ng,,"In áº¥n/mÃ u sáº¯c rÃµ nÃ©t, Khá»• sÃ¡ch nhá» gá»n, dá»… mang Ä‘i, Ná»™i dung sÃ¡ch háº¥p dáº«n, bá»• Ã­ch, TrÃ¬nh bÃ y/Bá»‘ cá»¥c dá»… hiá»ƒu",,ÄÃ¡nh giÃ¡ vÃ o 6 thÃ¡ng trÆ°á»›cÄÃ£ dÃ¹ng 4 thÃ¡ng
VÅ© Ngá»c Ãnh,ÄÃ£ tham gia 3 nÄƒm,"ÄÃ£ viáº¿t
10 ÄÃ¡nh giÃ¡",Cá»±c kÃ¬ hÃ i lÃ²ng,,,,ÄÃ¡nh giÃ¡ vÃ o 6 thÃ¡ng trÆ°á»›cÄÃ£ dÃ¹ng 10 giá»
Bui Mai Ngoc,ÄÃ£ tham gia 7 nÄƒm,"ÄÃ£ viáº¿t
6 ÄÃ¡nh giÃ¡",Cá»±c kÃ¬ hÃ i lÃ²ng,,,,ÄÃ¡nh giÃ¡ vÃ o 2 nÄƒm trÆ°á»›cÄÃ£ dÃ¹ng 2 ngÃ y
BÃ¹i Háº£i HÃ  My,ÄÃ£ tham gia 3 nÄƒm,"ÄÃ£ viáº¿t
19 ÄÃ¡nh giÃ¡",Cá»±c kÃ¬ hÃ i lÃ²ng,,,"SÃ¡ch ko bá»c seal, nhÆ°ng may lÃ  ko bá»‹ áº£nh hÆ°á»Ÿng quÃ¡ nhiá»u nÃªn cÅ©ng ko sao",ÄÃ¡nh giÃ¡ vÃ o 2 nÄƒm trÆ°á»›cÄÃ£ dÃ¹ng 2 ngÃ y
Tráº§n Kim NgÃ¢n,ÄÃ£ tham gia 4 nÄƒm,"ÄÃ£ viáº¿t
18 ÄÃ¡nh giÃ¡",Cá»±c kÃ¬ hÃ i lÃ²ng,,"In áº¥n/mÃ u sáº¯c rÃµ nÃ©t, Ná»™i dung sÃ¡ch háº¥p dáº«n, bá»• Ã­ch, TrÃ¬nh bÃ y/Bá»‘ cá»¥c dá»… hiá»ƒu",Cuá»‘n nÃ y nÃªn Ä‘á»c nha má»i ngÆ°á»iiii. Hay láº¯m Ã¡k!,ÄÃ¡nh giÃ¡ vÃ o 1 nÄƒm trÆ°á»›cÄÃ£ dÃ¹ng 2 thÃ¡ng
Nam Nguyen,ÄÃ£ tham gia 5 nÄƒm,"ÄÃ£ viáº¿t
6 ÄÃ¡nh giÃ¡",Cá»±c kÃ¬ hÃ i lÃ²ng,,,,ÄÃ¡nh giÃ¡ vÃ o 6 thÃ¡ng trÆ°á»›cÄÃ£ dÃ¹ng 2 ngÃ y
Pháº¡m Thá»‹ Quá»³nh HÆ°Æ¡ng,ÄÃ£ tham gia 6 nÄƒm,"ÄÃ£ viáº¿t
33 ÄÃ¡nh giÃ¡",Cá»±c kÃ¬ hÃ i lÃ²ng,,,10/10,ÄÃ¡nh giÃ¡ vÃ o 2 nÄƒm trÆ°á»›cÄÃ£ dÃ¹ng 3 ngÃ y
Trung Huá»³nh,ÄÃ£ tham gia 1 nÄƒm,"ÄÃ£ viáº¿t
15 ÄÃ¡nh giÃ¡",Cá»±c kÃ¬ hÃ i lÃ²ng,,,SÃ¡ch ok,ÄÃ¡nh giÃ¡ vÃ o 7 thÃ¡ng trÆ°á»›cÄÃ£ dÃ¹ng 2 ngÃ y
Luu Van Dung,ÄÃ£ tham gia 3 nÄƒm,"ÄÃ£ viáº¿t
3 ÄÃ¡nh giÃ¡",Cá»±c kÃ¬ hÃ i lÃ²ng,,,,ÄÃ¡nh giÃ¡ vÃ o 6 thÃ¡ng trÆ°á»›cÄÃ£ dÃ¹ng 3 thÃ¡ng
Há»“ Äáº·ng KhÃ¡nh Huyá»n,ÄÃ£ tham gia 5 nÄƒm,"ÄÃ£ viáº¿t
7 ÄÃ¡nh giÃ¡",Cá»±c kÃ¬ hÃ i lÃ²ng,,,SÃ¡ch hay. MÃ  sao khÃ´ng search Ä‘Æ°á»£c chÃ¢n dung tÃ¡c giáº£ Ã¡,ÄÃ¡nh giÃ¡ vÃ o 2 nÄƒm trÆ°á»›cÄÃ£ dÃ¹ng 4 ngÃ y
VÅ© Äá»©c ThÃ nh,ÄÃ£ tham gia 12 nÄƒm,"ÄÃ£ viáº¿t
103 ÄÃ¡nh giÃ¡",Cá»±c kÃ¬ hÃ i lÃ²ng,,"In áº¥n/mÃ u sáº¯c rÃµ nÃ©t, Khá»• sÃ¡ch nhá» gá»n, dá»… mang Ä‘i, Ná»™i dung sÃ¡ch háº¥p dáº«n, bá»• Ã­ch, TrÃ¬nh bÃ y/Bá»‘ cá»¥c dá»… hiá»ƒu","Ná»™i dung hay, bÃ¬a Ä‘áº¹p",ÄÃ¡nh giÃ¡ vÃ o 1 nÄƒm trÆ°á»›cÄÃ£ dÃ¹ng 4 thÃ¡ng
LÃª Chiáº¿n,ÄÃ£ tham gia 11 nÄƒm,"ÄÃ£ viáº¿t
21 ÄÃ¡nh giÃ¡",Cá»±c kÃ¬ hÃ i lÃ²ng,,,,ÄÃ¡nh giÃ¡ vÃ o 2 nÄƒm trÆ°á»›cÄÃ£ dÃ¹ng 3 thÃ¡ng
DOAN CONG VIEN,ÄÃ£ tham gia 7 nÄƒm,"ÄÃ£ viáº¿t
21 ÄÃ¡nh giÃ¡",Cá»±c kÃ¬ hÃ i lÃ²ng,,"Khá»• sÃ¡ch nhá» gá»n, dá»… mang Ä‘i, Ná»™i dung sÃ¡ch háº¥p dáº«n, bá»• Ã­ch, TrÃ¬nh bÃ y/Bá»‘ cá»¥c dá»… hiá»ƒu",,ÄÃ¡nh giÃ¡ vÃ o 6 thÃ¡ng trÆ°á»›cÄÃ£ dÃ¹ng 2 thÃ¡ng
Äá»— VÄƒn ThÆ°,ÄÃ£ tham gia 6 nÄƒm,"ÄÃ£ viáº¿t
7 ÄÃ¡nh giÃ¡",Cá»±c kÃ¬ hÃ i lÃ²ng,,,giao hÃ ng nhanh chÃ³ng,ÄÃ¡nh giÃ¡ vÃ o 1 nÄƒm trÆ°á»›cÄÃ£ dÃ¹ng 10 phÃºt
Phan VÄ©nh Thuáº­n,ÄÃ£ tham gia 5 nÄƒm,"ÄÃ£ viáº¿t
4 ÄÃ¡nh giÃ¡",Cá»±c kÃ¬ hÃ i lÃ²ng,,"Ná»™i dung sÃ¡ch háº¥p dáº«n, bá»• Ã­ch, TrÃ¬nh bÃ y/Bá»‘ cá»¥c dá»… hiá»ƒu",Ráº¥t ok,ÄÃ¡nh giÃ¡ vÃ o 2 nÄƒm trÆ°á»›cÄÃ£ dÃ¹ng 1 giá»
Tiffany Tran,ÄÃ£ tham gia 4 nÄƒm,"ÄÃ£ viáº¿t
8 ÄÃ¡nh giÃ¡",Cá»±c kÃ¬ hÃ i lÃ²ng,,,Giao nhanh. Äá»c sÆ¡ ná»™i dung tháº¥y ráº¥t thÃ­ch,ÄÃ¡nh giÃ¡ vÃ o 1 nÄƒm trÆ°á»›cÄÃ£ dÃ¹ng 1 giá»
Hong Yen,ÄÃ£ tham gia 2 nÄƒm,"ÄÃ£ viáº¿t
4 ÄÃ¡nh giÃ¡",Cá»±c kÃ¬ hÃ i lÃ²ng,,"In áº¥n/mÃ u sáº¯c rÃµ nÃ©t, Khá»• sÃ¡ch nhá» gá»n, dá»… mang Ä‘i, Ná»™i dung sÃ¡ch háº¥p dáº«n, bá»• Ã­ch, TrÃ¬nh bÃ y/Bá»‘ cá»¥c dá»… hiá»ƒu","BÃ¬a vÃ  giáº¥y sÃ¡ch Ä‘áº¹p, ná»™i dung khÃ¡ hay, tiki giao hÃ ng siÃªu nhanh áº¡.",ÄÃ¡nh giÃ¡ vÃ o 2 nÄƒm trÆ°á»›cÄÃ£ dÃ¹ng 1 ngÃ y
Äáº¡t Nguyá»…n,ÄÃ£ tham gia 6 nÄƒm,"ÄÃ£ viáº¿t
2 ÄÃ¡nh giÃ¡",Cá»±c kÃ¬ hÃ i lÃ²ng,,"In áº¥n/mÃ u sáº¯c rÃµ nÃ©t, Khá»• sÃ¡ch nhá» gá»n, dá»… mang Ä‘i, Ná»™i dung sÃ¡ch háº¥p dáº«n, bá»• Ã­ch, TrÃ¬nh bÃ y/Bá»‘ cá»¥c dá»… hiá»ƒu",SÃ¡ch hay nha. Äá»c nhiá»u chÆ°Æ¡ng tháº¥y báº£n thÃ¢n trong Ä‘Ã³.,ÄÃ¡nh giÃ¡ vÃ o 2 nÄƒm trÆ°á»›cÄÃ£ dÃ¹ng 1 thÃ¡ng
Gia Ã‚n,ÄÃ£ tham gia 9 nÄƒm,"ÄÃ£ viáº¿t
187 ÄÃ¡nh giÃ¡",Cá»±c kÃ¬ hÃ i lÃ²ng,,,ğŸ’™,ÄÃ¡nh giÃ¡ vÃ o 2 nÄƒm trÆ°á»›cÄÃ£ dÃ¹ng 1 ngÃ y
Tráº§n An,ÄÃ£ tham gia 11 nÄƒm,"ÄÃ£ viáº¿t
39 ÄÃ¡nh giÃ¡",Cá»±c kÃ¬ hÃ i lÃ²ng,,,,ÄÃ¡nh giÃ¡ vÃ o 7 thÃ¡ng trÆ°á»›cÄÃ£ dÃ¹ng 3 thÃ¡ng
DÆ°Æ¡ng T Ngá»c Thoa,ÄÃ£ tham gia 6 nÄƒm,"ÄÃ£ viáº¿t
79 ÄÃ¡nh giÃ¡",Cá»±c kÃ¬ hÃ i lÃ²ng,,,SÃ¡ch Ä‘áº¹p,ÄÃ¡nh giÃ¡ vÃ o 2 nÄƒm trÆ°á»›cÄÃ£ dÃ¹ng 15 phÃºt
HoÃ ng Ngá»c Háº¡nh,ÄÃ£ tham gia 1 nÄƒm,"ÄÃ£ viáº¿t
7 ÄÃ¡nh giÃ¡",Cá»±c kÃ¬ hÃ i lÃ²ng,,,"SÃ¡ch má»›i, gÃ³i cáº©n tháº­n, Ä‘Ã¡ng giÃ¡ mua",ÄÃ¡nh giÃ¡ vÃ o 1 nÄƒm trÆ°á»›cÄÃ£ dÃ¹ng 2 ngÃ y
Tráº§n Thá»‹ Huyá»n,ÄÃ£ tham gia 2 nÄƒm,"ÄÃ£ viáº¿t
5 ÄÃ¡nh giÃ¡",Cá»±c kÃ¬ hÃ i lÃ²ng,,,gÃ³i ká»¹ cÃ ng,ÄÃ¡nh giÃ¡ vÃ o 2 nÄƒm trÆ°á»›cÄÃ£ dÃ¹ng 3 phÃºt
LÆ°u Tráº§n Anh PhÃ¡t,ÄÃ£ tham gia 6 nÄƒm,"ÄÃ£ viáº¿t
213 ÄÃ¡nh giÃ¡",Cá»±c kÃ¬ hÃ i lÃ²ng,,,,ÄÃ¡nh giÃ¡ vÃ o 7 thÃ¡ng trÆ°á»›cÄÃ£ dÃ¹ng 2 ngÃ y
Mark TÃº Huá»³nh,ÄÃ£ tham gia 4 nÄƒm,"ÄÃ£ viáº¿t
833 ÄÃ¡nh giÃ¡",Cá»±c kÃ¬ hÃ i lÃ²ng,,,,ÄÃ¡nh giÃ¡ vÃ o 2 nÄƒm trÆ°á»›cÄÃ£ dÃ¹ng 2 giá»
Tráº§n Kháº£i Uy,ÄÃ£ tham gia 4 nÄƒm,"ÄÃ£ viáº¿t
19 ÄÃ¡nh giÃ¡",Cá»±c kÃ¬ hÃ i lÃ²ng,,,,ÄÃ¡nh giÃ¡ vÃ o 2 nÄƒm trÆ°á»›cÄÃ£ dÃ¹ng 7 giá»
Nguyá»…n Há»¯u HÆ°ng,ÄÃ£ tham gia 5 nÄƒm,"ÄÃ£ viáº¿t
4 ÄÃ¡nh giÃ¡",Cá»±c kÃ¬ hÃ i lÃ²ng,,,,ÄÃ¡nh giÃ¡ vÃ o 7 thÃ¡ng trÆ°á»›cÄÃ£ dÃ¹ng 1 thÃ¡ng
Tráº§n Minh ThÆ°,ÄÃ£ tham gia 3 nÄƒm,"ÄÃ£ viáº¿t
32 ÄÃ¡nh giÃ¡",Cá»±c kÃ¬ hÃ i lÃ²ng,,,Ok,ÄÃ¡nh giÃ¡ vÃ o 2 nÄƒm trÆ°á»›cÄÃ£ dÃ¹ng 2 ngÃ y
Pham Ngoc,ÄÃ£ tham gia 6 nÄƒm,"ÄÃ£ viáº¿t
36 ÄÃ¡nh giÃ¡",Cá»±c kÃ¬ hÃ i lÃ²ng,,"In áº¥n/mÃ u sáº¯c rÃµ nÃ©t, Khá»• sÃ¡ch nhá» gá»n, dá»… mang Ä‘i, Ná»™i dung sÃ¡ch háº¥p dáº«n, bá»• Ã­ch, TrÃ¬nh bÃ y/Bá»‘ cá»¥c dá»… hiá»ƒu",Äá»c cÅ©ng tháº¥y á»•n. Giao hÃ ng nhanh. ÄÃ³ng hÃ nh cáº©n tháº­n,ÄÃ¡nh giÃ¡ vÃ o 2 nÄƒm trÆ°á»›cÄÃ£ dÃ¹ng 12 ngÃ y
LÃª Thá»‹ Má»¹ TiÃªn,ÄÃ£ tham gia 2 nÄƒm,"ÄÃ£ viáº¿t
21 ÄÃ¡nh giÃ¡",Cá»±c kÃ¬ hÃ i lÃ²ng,,,Mua Ä‘á»£t há»™i sÃ¡ch onl nÃªn giÃ¡ oke láº¯m! SÃ¡ch hay láº¯m,ÄÃ¡nh giÃ¡ vÃ o 2 nÄƒm trÆ°á»›cÄÃ£ dÃ¹ng 6 ngÃ y
è»½ ã„é¢¨,ÄÃ£ tham gia 5 nÄƒm,"ÄÃ£ viáº¿t
28 ÄÃ¡nh giÃ¡",Cá»±c kÃ¬ hÃ i lÃ²ng,,,,ÄÃ¡nh giÃ¡ vÃ o 7 thÃ¡ng trÆ°á»›cÄÃ£ dÃ¹ng 7 giá»
Anh Thu Nguyen,ÄÃ£ tham gia 5 nÄƒm,"ÄÃ£ viáº¿t
51 ÄÃ¡nh giÃ¡",Cá»±c kÃ¬ hÃ i lÃ²ng,,,,ÄÃ¡nh giÃ¡ vÃ o 2 nÄƒm trÆ°á»›cÄÃ£ dÃ¹ng 2 giá»
Nguyá»…n Sá»¹ ThÃ¢n,ÄÃ£ tham gia 6 nÄƒm,"ÄÃ£ viáº¿t
20 ÄÃ¡nh giÃ¡",Cá»±c kÃ¬ hÃ i lÃ²ng,,,,ÄÃ¡nh giÃ¡ vÃ o 7 thÃ¡ng trÆ°á»›cÄÃ£ dÃ¹ng 5 thÃ¡ng
ThÆ° Pháº¡m,ÄÃ£ tham gia 4 nÄƒm,"ÄÃ£ viáº¿t
2 ÄÃ¡nh giÃ¡",Cá»±c kÃ¬ hÃ i lÃ²ng,,,"SÃ¡ch hay, Ä‘Ã³ng gÃ³i cháº¯c cháº¯n, giao hÃ ng ráº¥t nhanh",ÄÃ¡nh giÃ¡ vÃ o 2 nÄƒm trÆ°á»›cÄÃ£ dÃ¹ng 1 ngÃ y
Gia HÃ¢n Tráº§n,ÄÃ£ tham gia 6 nÄƒm,"ÄÃ£ viáº¿t
7 ÄÃ¡nh giÃ¡",Cá»±c kÃ¬ hÃ i lÃ²ng,,,,ÄÃ¡nh giÃ¡ vÃ o 2 nÄƒm trÆ°á»›cÄÃ£ dÃ¹ng 8 giá»
VÃµ Má»¹ Dung,ÄÃ£ tham gia 4 nÄƒm,"ÄÃ£ viáº¿t
28 ÄÃ¡nh giÃ¡",Cá»±c kÃ¬ hÃ i lÃ²ng,,"In áº¥n/mÃ u sáº¯c rÃµ nÃ©t, Khá»• sÃ¡ch nhá» gá»n, dá»… mang Ä‘i, Ná»™i dung sÃ¡ch háº¥p dáº«n, bá»• Ã­ch, TrÃ¬nh bÃ y/Bá»‘ cá»¥c dá»… hiá»ƒu","Ná»™i dung bá»• Ã­ch, chá»§ yáº¿u vá» tÃ¢m lÃ½ há»c.",ÄÃ¡nh giÃ¡ vÃ o 2 nÄƒm trÆ°á»›cÄÃ£ dÃ¹ng 1 thÃ¡ng
Nhi Mai,ÄÃ£ tham gia 3 nÄƒm,"ÄÃ£ viáº¿t
2 ÄÃ¡nh giÃ¡",Cá»±c kÃ¬ hÃ i lÃ²ng,,,,ÄÃ¡nh giÃ¡ vÃ o 8 thÃ¡ng trÆ°á»›cÄÃ£ dÃ¹ng 3 thÃ¡ng
Máº¡nh Cáº£nh,ÄÃ£ tham gia 3 nÄƒm,"ÄÃ£ viáº¿t
8 ÄÃ¡nh giÃ¡",Cá»±c kÃ¬ hÃ i lÃ²ng,,,Ok,ÄÃ¡nh giÃ¡ vÃ o 2 nÄƒm trÆ°á»›cÄÃ£ dÃ¹ng 4 ngÃ y
The Anh,ÄÃ£ tham gia 2 nÄƒm,"ÄÃ£ viáº¿t
2 ÄÃ¡nh giÃ¡",Cá»±c kÃ¬ hÃ i lÃ²ng,,"In áº¥n/mÃ u sáº¯c rÃµ nÃ©t, Khá»• sÃ¡ch nhá» gá»n, dá»… mang Ä‘i, Ná»™i dung sÃ¡ch háº¥p dáº«n, bá»• Ã­ch, TrÃ¬nh bÃ y/Bá»‘ cá»¥c dá»… hiá»ƒu",,ÄÃ¡nh giÃ¡ vÃ o 2 nÄƒm trÆ°á»›cÄÃ£ dÃ¹ng 5 giá»
PhÆ°Æ¡ng NhÃ£,ÄÃ£ tham gia 4 nÄƒm,"ÄÃ£ viáº¿t
23 ÄÃ¡nh giÃ¡",Cá»±c kÃ¬ hÃ i lÃ²ng,,"In áº¥n/mÃ u sáº¯c rÃµ nÃ©t, Khá»• sÃ¡ch nhá» gá»n, dá»… mang Ä‘i, Ná»™i dung sÃ¡ch háº¥p dáº«n, bá»• Ã­ch, TrÃ¬nh bÃ y/Bá»‘ cá»¥c dá»… hiá»ƒu",,ÄÃ¡nh giÃ¡ vÃ o 8 thÃ¡ng trÆ°á»›cÄÃ£ dÃ¹ng 2 thÃ¡ng
Hoang Loan,ÄÃ£ tham gia 1 nÄƒm,"ÄÃ£ viáº¿t
3 ÄÃ¡nh giÃ¡",Cá»±c kÃ¬ hÃ i lÃ²ng,,"In áº¥n/mÃ u sáº¯c rÃµ nÃ©t, Khá»• sÃ¡ch nhá» gá»n, dá»… mang Ä‘i, Ná»™i dung sÃ¡ch háº¥p dáº«n, bá»• Ã­ch, TrÃ¬nh bÃ y/Bá»‘ cá»¥c dá»… hiá»ƒu","SÃ¡ch giao nhanh, Ä‘Ã³ng gÃ³i cáº©n tháº­n",ÄÃ¡nh giÃ¡ vÃ o 1 nÄƒm trÆ°á»›cÄÃ£ dÃ¹ng 11 ngÃ y
Mai Háº£i,ÄÃ£ tham gia 3 nÄƒm,"ÄÃ£ viáº¿t
48 ÄÃ¡nh giÃ¡",Cá»±c kÃ¬ hÃ i lÃ²ng,,,Tá»‘t,ÄÃ¡nh giÃ¡ vÃ o 2 nÄƒm trÆ°á»›cÄÃ£ dÃ¹ng 1 giá»
CÆ°á»ng Nguyá»…n,ÄÃ£ tham gia 1 nÄƒm,"ÄÃ£ viáº¿t
2 ÄÃ¡nh giÃ¡",Cá»±c kÃ¬ hÃ i lÃ²ng,,,,ÄÃ¡nh giÃ¡ vÃ o 8 thÃ¡ng trÆ°á»›cÄÃ£ dÃ¹ng 4 giá»
Son Nguyen,ÄÃ£ tham gia 8 nÄƒm,"ÄÃ£ viáº¿t
66 ÄÃ¡nh giÃ¡",Cá»±c kÃ¬ hÃ i lÃ²ng,,,,ÄÃ¡nh giÃ¡ vÃ o 8 thÃ¡ng trÆ°á»›cÄÃ£ dÃ¹ng 2 thÃ¡ng
HÆ°Æ¡ng Pháº¡m,ÄÃ£ tham gia 1 nÄƒm,"ÄÃ£ viáº¿t
2 ÄÃ¡nh giÃ¡",Cá»±c kÃ¬ hÃ i lÃ²ng,,,Nhá» nháº¯n dá»… dÃ ng mang Ä‘i,ÄÃ¡nh giÃ¡ vÃ o 1 nÄƒm trÆ°á»›cÄÃ£ dÃ¹ng 1 ngÃ y
Van Thi Hoang Lan,ÄÃ£ tham gia 8 nÄƒm,"ÄÃ£ viáº¿t
85 ÄÃ¡nh giÃ¡",Cá»±c kÃ¬ hÃ i lÃ²ng,,,,ÄÃ¡nh giÃ¡ vÃ o 8 thÃ¡ng trÆ°á»›cÄÃ£ dÃ¹ng 26 phÃºt
Minh Ngá»c,ÄÃ£ tham gia 6 nÄƒm,"ÄÃ£ viáº¿t
11 ÄÃ¡nh giÃ¡",Cá»±c kÃ¬ hÃ i lÃ²ng,,,,ÄÃ¡nh giÃ¡ vÃ o 8 thÃ¡ng trÆ°á»›cÄÃ£ dÃ¹ng 3 thÃ¡ng
VÆ°Æ¡ng Kim Loan,ÄÃ£ tham gia 2 nÄƒm,"ÄÃ£ viáº¿t
35 ÄÃ¡nh giÃ¡",Cá»±c kÃ¬ hÃ i lÃ²ng,,,"SÃ¡ch ná»™i dung ráº¥t hay, ráº¥t hÃ u lÃ²ng",ÄÃ¡nh giÃ¡ vÃ o 1 nÄƒm trÆ°á»›cÄÃ£ dÃ¹ng 2 ngÃ y
A A,ÄÃ£ tham gia 4 nÄƒm,"ÄÃ£ viáº¿t
11 ÄÃ¡nh giÃ¡",Cá»±c kÃ¬ hÃ i lÃ²ng,,,"sÃ¡ch ráº¥t hay, bookmark Ä‘áº¹p, Ä‘Ã¡ng tiá»n",ÄÃ¡nh giÃ¡ vÃ o 1 nÄƒm trÆ°á»›cÄÃ£ dÃ¹ng 11 ngÃ y
Nháº­t TrÆ°á»ng,ÄÃ£ tham gia 5 nÄƒm,"ÄÃ£ viáº¿t
5 ÄÃ¡nh giÃ¡",Cá»±c kÃ¬ hÃ i lÃ²ng,,,"SÃ¡ch hay, dÃ nh cho cÃ¡c báº­c cha máº¹ muá»‘n nuÃ´i dáº¡y con tá»‘t",ÄÃ¡nh giÃ¡ vÃ o 2 nÄƒm trÆ°á»›cÄÃ£ dÃ¹ng 2 thÃ¡ng
Minh Anh VÅ©,ÄÃ£ tham gia 6 nÄƒm,"ÄÃ£ viáº¿t
3 ÄÃ¡nh giÃ¡",Cá»±c kÃ¬ hÃ i lÃ²ng,,,"SÃ¡ch nguyÃªn váº¹n, ná»™i dung cuá»‘n hÃºt",ÄÃ¡nh giÃ¡ vÃ o 1 nÄƒm trÆ°á»›cÄÃ£ dÃ¹ng 3 ngÃ y
PhÆ°Æ¡ng Dung,ÄÃ£ tham gia 5 nÄƒm,"ÄÃ£ viáº¿t
16 ÄÃ¡nh giÃ¡",Cá»±c kÃ¬ hÃ i lÃ²ng,,,SÃ¡ch ráº¥t hay!,ÄÃ¡nh giÃ¡ vÃ o 1 nÄƒm trÆ°á»›cÄÃ£ dÃ¹ng 17 phÃºt
Nguyá»…n Tháº¯ng,ÄÃ£ tham gia 1 nÄƒm,"ÄÃ£ viáº¿t
1 ÄÃ¡nh giÃ¡",Cá»±c kÃ¬ hÃ i lÃ²ng,,,,ÄÃ¡nh giÃ¡ vÃ o 9 thÃ¡ng trÆ°á»›cÄÃ£ dÃ¹ng 5 thÃ¡ng
Nguyá»…n Thá»‹ Kiá»u Anh,ÄÃ£ tham gia 6 nÄƒm,"ÄÃ£ viáº¿t
84 ÄÃ¡nh giÃ¡",Cá»±c kÃ¬ hÃ i lÃ²ng,,"In áº¥n/mÃ u sáº¯c rÃµ nÃ©t, Khá»• sÃ¡ch nhá» gá»n, dá»… mang Ä‘i, Ná»™i dung sÃ¡ch háº¥p dáº«n, bá»• Ã­ch, TrÃ¬nh bÃ y/Bá»‘ cá»¥c dá»… hiá»ƒu",,ÄÃ¡nh giÃ¡ vÃ o 9 thÃ¡ng trÆ°á»›cÄÃ£ dÃ¹ng 1 thÃ¡ng
Huá»³nh Viá»‡t An,ÄÃ£ tham gia 10 nÄƒm,"ÄÃ£ viáº¿t
50 ÄÃ¡nh giÃ¡",Cá»±c kÃ¬ hÃ i lÃ²ng,,"In áº¥n/mÃ u sáº¯c rÃµ nÃ©t, Khá»• sÃ¡ch nhá» gá»n, dá»… mang Ä‘i, Ná»™i dung sÃ¡ch háº¥p dáº«n, bá»• Ã­ch, TrÃ¬nh bÃ y/Bá»‘ cá»¥c dá»… hiá»ƒu",,ÄÃ¡nh giÃ¡ vÃ o 9 thÃ¡ng trÆ°á»›cÄÃ£ dÃ¹ng 3 thÃ¡ng
NgÃ´n LÃª,ÄÃ£ tham gia 1 nÄƒm,"ÄÃ£ viáº¿t
3 ÄÃ¡nh giÃ¡",Cá»±c kÃ¬ hÃ i lÃ²ng,,,,ÄÃ¡nh giÃ¡ vÃ o 9 thÃ¡ng trÆ°á»›cÄÃ£ dÃ¹ng 1 thÃ¡ng
Nguyá»…n Thá»‹ Cáº©m HÆ°á»ng,ÄÃ£ tham gia 5 nÄƒm,"ÄÃ£ viáº¿t
6 ÄÃ¡nh giÃ¡",Cá»±c kÃ¬ hÃ i lÃ²ng,,,,ÄÃ¡nh giÃ¡ vÃ o 9 thÃ¡ng trÆ°á»›cÄÃ£ dÃ¹ng 12 ngÃ y
Pháº¡m Thá»‹ KiÃªn Giang,ÄÃ£ tham gia 5 nÄƒm,"ÄÃ£ viáº¿t
66 ÄÃ¡nh giÃ¡",Cá»±c kÃ¬ hÃ i lÃ²ng,,,,ÄÃ¡nh giÃ¡ vÃ o 9 thÃ¡ng trÆ°á»›cÄÃ£ dÃ¹ng 2 ngÃ y
Ãš Ã™,ÄÃ£ tham gia 6 nÄƒm,"ÄÃ£ viáº¿t
8 ÄÃ¡nh giÃ¡",Cá»±c kÃ¬ hÃ i lÃ²ng,,,,ÄÃ¡nh giÃ¡ vÃ o 9 thÃ¡ng trÆ°á»›cÄÃ£ dÃ¹ng 6 ngÃ y
